CREATE DATABASE  IF NOT EXISTS `ecaptain` /*!40100 DEFAULT CHARACTER SET latin1 */;
USE `ecaptain`;
-- MySQL dump 10.16  Distrib 10.1.26-MariaDB, for Win32 (AMD64)
--
-- Host: localhost    Database: ecaptain
-- ------------------------------------------------------
-- Server version	10.1.26-MariaDB

/*!40101 SET @OLD_CHARACTER_SET_CLIENT=@@CHARACTER_SET_CLIENT */;
/*!40101 SET @OLD_CHARACTER_SET_RESULTS=@@CHARACTER_SET_RESULTS */;
/*!40101 SET @OLD_COLLATION_CONNECTION=@@COLLATION_CONNECTION */;
/*!40101 SET NAMES utf8 */;
/*!40103 SET @OLD_TIME_ZONE=@@TIME_ZONE */;
/*!40103 SET TIME_ZONE='+00:00' */;
/*!40014 SET @OLD_UNIQUE_CHECKS=@@UNIQUE_CHECKS, UNIQUE_CHECKS=0 */;
/*!40014 SET @OLD_FOREIGN_KEY_CHECKS=@@FOREIGN_KEY_CHECKS, FOREIGN_KEY_CHECKS=0 */;
/*!40101 SET @OLD_SQL_MODE=@@SQL_MODE, SQL_MODE='NO_AUTO_VALUE_ON_ZERO' */;
/*!40111 SET @OLD_SQL_NOTES=@@SQL_NOTES, SQL_NOTES=0 */;

--
-- Table structure for table `categories_dishes`
--

DROP TABLE IF EXISTS `categories_dishes`;
/*!40101 SET @saved_cs_client     = @@character_set_client */;
/*!40101 SET character_set_client = utf8 */;
CREATE TABLE `categories_dishes` (
  `id` int(10) unsigned NOT NULL AUTO_INCREMENT,
  `name` varchar(191) NOT NULL,
  `probability` double(5,3) NOT NULL,
  `portion` double NOT NULL DEFAULT '0.1',
  `created_at` timestamp NULL DEFAULT NULL,
  `updated_at` timestamp NULL DEFAULT NULL,
  PRIMARY KEY (`id`)
) ENGINE=InnoDB AUTO_INCREMENT=13 DEFAULT CHARSET=utf8mb4;
/*!40101 SET character_set_client = @saved_cs_client */;

--
-- Dumping data for table `categories_dishes`
--

LOCK TABLES `categories_dishes` WRITE;
/*!40000 ALTER TABLE `categories_dishes` DISABLE KEYS */;
INSERT INTO `categories_dishes` VALUES (1,'Arroz',70.000,0.1,'2018-07-28 04:32:17','2018-07-28 04:32:17'),(2,'Pollo',30.000,0.275,'2018-07-28 04:32:17','2018-07-28 04:32:17'),(3,'Camarones Enchilados',50.000,0.3,'2018-07-28 04:32:18','2018-07-28 04:32:18'),(4,'Caldo de res',20.000,0.35,'2018-07-28 04:32:18','2018-07-28 04:32:18'),(5,'Caldo de Pollo',15.000,0.3,'2018-07-28 04:32:18','2018-07-28 04:32:18'),(6,'Calamar enchilado',45.000,0.3,'2018-07-28 04:32:18','2018-07-28 04:32:18'),(7,'Res con Brocoli',40.000,0.3,'2018-07-28 04:32:18','2018-07-28 04:32:18'),(8,'Caldo de aleta de calamar',20.000,0.3,'2018-07-28 04:32:18','2018-07-28 04:32:18'),(9,'Pollo con piña',40.000,0.3,'2018-07-28 04:32:18','2018-07-28 04:32:18'),(10,'Chop Suey',40.000,0.2,'2018-07-28 04:32:18','2018-07-28 04:32:18'),(11,'Camaron empanizado',60.000,0.3,'2018-07-28 04:32:18','2018-07-28 04:32:18'),(12,'Chun kun',60.000,0.1,'2018-07-28 04:32:19','2018-07-28 04:32:19');
/*!40000 ALTER TABLE `categories_dishes` ENABLE KEYS */;
UNLOCK TABLES;

--
-- Table structure for table `containers`
--

DROP TABLE IF EXISTS `containers`;
/*!40101 SET @saved_cs_client     = @@character_set_client */;
/*!40101 SET character_set_client = utf8 */;
CREATE TABLE `containers` (
  `id` int(10) unsigned NOT NULL AUTO_INCREMENT,
  `number_on_island` int(10) unsigned NOT NULL,
  `capacity` double(8,2) NOT NULL,
  `island_id` int(10) unsigned NOT NULL,
  `created_at` timestamp NULL DEFAULT NULL,
  `updated_at` timestamp NULL DEFAULT NULL,
  PRIMARY KEY (`id`),
  KEY `containers_island_id_foreign` (`island_id`),
  CONSTRAINT `containers_island_id_foreign` FOREIGN KEY (`island_id`) REFERENCES `islands` (`id`)
) ENGINE=InnoDB AUTO_INCREMENT=13 DEFAULT CHARSET=utf8mb4;
/*!40101 SET character_set_client = @saved_cs_client */;

--
-- Dumping data for table `containers`
--

LOCK TABLES `containers` WRITE;
/*!40000 ALTER TABLE `containers` DISABLE KEYS */;
INSERT INTO `containers` VALUES (1,1,5.00,1,'2018-07-28 04:49:00','2018-07-28 04:49:00'),(2,2,5.00,1,'2018-07-28 04:49:00','2018-07-28 04:49:00'),(3,3,5.00,1,'2018-07-28 04:49:00','2018-07-28 04:49:00'),(4,4,3.00,1,'2018-07-28 04:49:00','2018-07-28 04:49:00'),(5,1,5.00,2,'2018-07-28 04:50:43','2018-07-28 04:50:43'),(6,2,5.00,2,'2018-07-28 04:50:43','2018-07-28 04:50:43'),(7,3,5.00,2,'2018-07-28 04:50:43','2018-07-28 04:50:43'),(8,4,5.00,2,'2018-07-28 04:50:43','2018-07-28 04:50:43'),(9,1,5.00,3,'2018-07-28 04:50:46','2018-07-28 04:50:46'),(10,2,5.00,3,'2018-07-28 04:50:47','2018-07-28 04:50:47'),(11,3,5.00,3,'2018-07-28 04:50:47','2018-07-28 04:50:47'),(12,4,5.00,3,'2018-07-28 04:50:47','2018-07-28 04:50:47');
/*!40000 ALTER TABLE `containers` ENABLE KEYS */;
UNLOCK TABLES;

--
-- Table structure for table `containers_status`
--

DROP TABLE IF EXISTS `containers_status`;
/*!40101 SET @saved_cs_client     = @@character_set_client */;
/*!40101 SET character_set_client = utf8 */;
CREATE TABLE `containers_status` (
  `id` int(10) unsigned NOT NULL AUTO_INCREMENT,
  `actual_weight` double NOT NULL,
  `container_id` int(10) unsigned NOT NULL,
  `dish_id` int(10) unsigned NOT NULL,
  `created_at` timestamp NULL DEFAULT NULL,
  `updated_at` timestamp NULL DEFAULT NULL,
  PRIMARY KEY (`id`),
  KEY `containers_status_container_id_foreign` (`container_id`),
  KEY `containers_status_dish_id_foreign` (`dish_id`),
  CONSTRAINT `containers_status_container_id_foreign` FOREIGN KEY (`container_id`) REFERENCES `containers` (`id`),
  CONSTRAINT `containers_status_dish_id_foreign` FOREIGN KEY (`dish_id`) REFERENCES `dishes` (`id`)
) ENGINE=InnoDB AUTO_INCREMENT=2370 DEFAULT CHARSET=utf8mb4;
/*!40101 SET character_set_client = @saved_cs_client */;

--
-- Dumping data for table `containers_status`
--

LOCK TABLES `containers_status` WRITE;
/*!40000 ALTER TABLE `containers_status` DISABLE KEYS */;
INSERT INTO `containers_status` VALUES (1131,1.0150000000000006,8,8,'2018-07-29 17:11:36','2018-07-29 17:11:36'),(1132,2.3259999999999996,12,12,'2018-07-29 17:11:38','2018-07-29 17:11:38'),(1133,1.7510000000000006,5,5,'2018-07-29 17:16:16','2018-07-29 17:16:16'),(1134,0.7720000000000006,8,8,'2018-07-29 17:16:17','2018-07-29 17:16:17'),(1135,0.04599999999999835,10,10,'2018-07-29 17:16:18','2018-07-29 17:16:18'),(1136,2.2369999999999997,12,12,'2018-07-29 17:16:18','2018-07-29 17:16:18'),(1137,5,1,1,'2018-07-29 17:18:18','2018-07-29 17:18:18'),(1138,5,2,2,'2018-07-29 17:18:19','2018-07-29 17:18:19'),(1139,5,3,3,'2018-07-29 17:18:19','2018-07-29 17:18:19'),(1140,3,4,4,'2018-07-29 17:18:19','2018-07-29 17:18:19'),(1141,5,6,6,'2018-07-29 17:18:20','2018-07-29 17:18:20'),(1142,5,7,7,'2018-07-29 17:18:20','2018-07-29 17:18:20'),(1143,5,9,9,'2018-07-29 17:18:20','2018-07-29 17:18:20'),(1144,5,10,10,'2018-07-29 17:18:20','2018-07-29 17:18:20'),(1145,5,11,11,'2018-07-29 17:18:21','2018-07-29 17:18:21'),(1146,4.915,1,1,'2018-07-29 17:24:21','2018-07-29 17:24:21'),(1147,4.779,2,2,'2018-07-29 17:24:21','2018-07-29 17:24:21'),(1148,4.81,3,3,'2018-07-29 17:24:21','2018-07-29 17:24:21'),(1149,0.5180000000000006,8,8,'2018-07-29 17:24:21','2018-07-29 17:24:21'),(1150,4.888,11,11,'2018-07-29 17:24:22','2018-07-29 17:24:22'),(1151,4.859,1,1,'2018-07-29 17:24:22','2018-07-29 17:24:22'),(1152,4.88,9,9,'2018-07-29 17:24:22','2018-07-29 17:24:22'),(1153,2.1639999999999997,12,12,'2018-07-29 17:24:22','2018-07-29 17:24:22'),(1154,4.78,1,1,'2018-07-29 17:24:23','2018-07-29 17:24:23'),(1155,4.5649999999999995,3,3,'2018-07-29 17:24:23','2018-07-29 17:24:23'),(1156,4.798,6,6,'2018-07-29 17:24:23','2018-07-29 17:24:23'),(1157,4.804,9,9,'2018-07-29 17:24:24','2018-07-29 17:24:24'),(1158,4.724,1,1,'2018-07-29 17:25:36','2018-07-29 17:25:36'),(1159,4.873,7,7,'2018-07-29 17:25:36','2018-07-29 17:25:36'),(1160,4.5600000000000005,9,9,'2018-07-29 17:25:36','2018-07-29 17:25:36'),(1161,4.289,3,3,'2018-07-29 17:25:37','2018-07-29 17:25:37'),(1162,2.928,4,4,'2018-07-29 17:25:37','2018-07-29 17:25:37'),(1163,4.6000000000000005,7,7,'2018-07-29 17:25:37','2018-07-29 17:25:37'),(1164,4.902,10,10,'2018-07-29 17:25:37','2018-07-29 17:25:37'),(1165,2.102,12,12,'2018-07-29 17:25:38','2018-07-29 17:25:38'),(1166,4.656000000000001,1,1,'2018-07-29 17:25:38','2018-07-29 17:25:38'),(1167,4.003,3,3,'2018-07-29 17:25:38','2018-07-29 17:25:38'),(1168,4.513,6,6,'2018-07-29 17:25:38','2018-07-29 17:25:38'),(1169,4.316000000000001,7,7,'2018-07-29 17:25:39','2018-07-29 17:25:39'),(1170,2.048,12,12,'2018-07-29 17:25:39','2018-07-29 17:25:39'),(1171,4.5920000000000005,1,1,'2018-07-29 17:25:39','2018-07-29 17:25:39'),(1172,4.608,2,2,'2018-07-29 17:25:39','2018-07-29 17:25:39'),(1173,2.695,4,4,'2018-07-29 17:25:39','2018-07-29 17:25:39'),(1174,4.639,11,11,'2018-07-29 17:25:39','2018-07-29 17:25:39'),(1175,4.538,1,1,'2018-07-29 17:26:36','2018-07-29 17:26:36'),(1176,3.931,3,3,'2018-07-29 17:26:36','2018-07-29 17:26:36'),(1177,1.4810000000000005,5,5,'2018-07-29 17:26:36','2018-07-29 17:26:36'),(1178,4.4399999999999995,6,6,'2018-07-29 17:26:37','2018-07-29 17:26:37'),(1179,4.088000000000001,7,7,'2018-07-29 17:26:37','2018-07-29 17:26:37'),(1180,4.215999999999999,6,6,'2018-07-29 17:31:07','2018-07-29 17:31:07'),(1181,3.905000000000001,7,7,'2018-07-29 17:31:08','2018-07-29 17:31:08'),(1182,4.744,10,10,'2018-07-29 17:31:08','2018-07-29 17:31:08'),(1183,4.502000000000001,11,11,'2018-07-29 17:31:08','2018-07-29 17:31:08'),(1184,1.96,12,12,'2018-07-29 17:31:09','2018-07-29 17:31:09'),(1185,4.055,6,6,'2018-07-29 17:31:09','2018-07-29 17:31:09'),(1186,4.260000000000001,9,9,'2018-07-29 17:31:10','2018-07-29 17:31:10'),(1187,4.351000000000001,11,11,'2018-07-29 17:31:10','2018-07-29 17:31:10'),(1188,1.4190000000000005,5,5,'2018-07-29 17:31:11','2018-07-29 17:31:11'),(1189,4.130000000000001,9,9,'2018-07-29 17:31:11','2018-07-29 17:31:11'),(1190,1.873,12,12,'2018-07-29 17:31:11','2018-07-29 17:31:11'),(1191,4.446000000000001,1,1,'2018-07-29 17:31:12','2018-07-29 17:31:12'),(1192,3.774,3,3,'2018-07-29 17:31:12','2018-07-29 17:31:12'),(1193,3.683000000000001,7,7,'2018-07-29 17:31:12','2018-07-29 17:31:12'),(1194,4.6339999999999995,10,10,'2018-07-29 17:31:13','2018-07-29 17:31:13'),(1195,4.351000000000001,1,1,'2018-07-29 17:31:13','2018-07-29 17:31:13'),(1196,4.2940000000000005,1,1,'2018-07-29 17:34:56','2018-07-29 17:34:56'),(1197,4.035000000000001,9,9,'2018-07-29 17:34:56','2018-07-29 17:34:56'),(1198,3.658,3,3,'2018-07-29 17:34:56','2018-07-29 17:34:56'),(1199,4.552,10,10,'2018-07-29 17:34:57','2018-07-29 17:34:57'),(1200,4.133000000000001,11,11,'2018-07-29 17:34:57','2018-07-29 17:34:57'),(1201,4.228000000000001,1,1,'2018-07-29 17:34:57','2018-07-29 17:34:57'),(1202,3.906000000000001,11,11,'2018-07-29 17:34:57','2018-07-29 17:34:57'),(1203,1.783,12,12,'2018-07-29 17:34:57','2018-07-29 17:34:57'),(1204,1.1320000000000006,5,5,'2018-07-29 17:34:58','2018-07-29 17:34:58'),(1205,3.949,6,6,'2018-07-29 17:34:58','2018-07-29 17:34:58'),(1206,3.640000000000001,11,11,'2018-07-29 17:35:36','2018-07-29 17:35:36'),(1207,1.7209999999999999,12,12,'2018-07-29 17:35:36','2018-07-29 17:35:36'),(1208,3.6559999999999997,6,6,'2018-07-29 17:37:51','2018-07-29 17:37:51'),(1209,4.438999999999999,10,10,'2018-07-29 17:37:51','2018-07-29 17:37:51'),(1210,3.3990000000000014,7,7,'2018-07-29 17:37:51','2018-07-29 17:37:51'),(1211,3.3729999999999998,3,3,'2018-07-29 17:37:51','2018-07-29 17:37:51'),(1212,1.6309999999999998,12,12,'2018-07-29 17:37:52','2018-07-29 17:37:52'),(1213,3.577000000000001,11,11,'2018-07-29 17:37:52','2018-07-29 17:37:52'),(1214,2.415,4,4,'2018-07-29 17:37:52','2018-07-29 17:37:52'),(1215,3.483000000000001,11,11,'2018-07-29 17:37:53','2018-07-29 17:37:53'),(1216,1.5679999999999998,12,12,'2018-07-29 17:37:53','2018-07-29 17:37:53'),(1217,4.162000000000001,1,1,'2018-07-29 17:37:53','2018-07-29 17:37:53'),(1218,3.974000000000001,9,9,'2018-07-29 17:37:53','2018-07-29 17:37:53'),(1219,4.304999999999999,10,10,'2018-07-29 17:37:53','2018-07-29 17:37:53'),(1220,3.251000000000001,11,11,'2018-07-29 17:37:54','2018-07-29 17:37:54'),(1221,4.071000000000001,1,1,'2018-07-29 17:39:36','2018-07-29 17:39:36'),(1222,0.9570000000000005,5,5,'2018-07-29 17:39:36','2018-07-29 17:39:36'),(1223,4.253999999999999,10,10,'2018-07-29 17:39:36','2018-07-29 17:39:36'),(1224,2.9580000000000006,11,11,'2018-07-29 17:39:37','2018-07-29 17:39:37'),(1225,3.1159999999999997,3,3,'2018-07-29 17:39:37','2018-07-29 17:39:37'),(1226,2.101,4,4,'2018-07-29 17:39:37','2018-07-29 17:39:37'),(1227,3.5869999999999997,6,6,'2018-07-29 17:39:38','2018-07-29 17:39:38'),(1228,3.1900000000000013,7,7,'2018-07-29 17:39:38','2018-07-29 17:39:38'),(1229,0.32100000000000056,8,8,'2018-07-29 17:39:38','2018-07-29 17:39:38'),(1230,4.008000000000001,1,1,'2018-07-29 17:44:36','2018-07-29 17:44:36'),(1231,2.905000000000001,7,7,'2018-07-29 17:44:36','2018-07-29 17:44:36'),(1232,1.4899999999999998,12,12,'2018-07-29 17:44:36','2018-07-29 17:44:36'),(1233,3.922000000000001,1,1,'2018-07-29 17:44:36','2018-07-29 17:44:36'),(1234,4.4719999999999995,2,2,'2018-07-29 17:44:37','2018-07-29 17:44:37'),(1235,3.733000000000001,9,9,'2018-07-29 17:44:37','2018-07-29 17:44:37'),(1236,4.195999999999999,10,10,'2018-07-29 17:44:37','2018-07-29 17:44:37'),(1237,3.837000000000001,1,1,'2018-07-29 17:44:37','2018-07-29 17:44:37'),(1238,4.38,2,2,'2018-07-29 17:44:38','2018-07-29 17:44:38'),(1239,2.648000000000001,7,7,'2018-07-29 17:44:38','2018-07-29 17:44:38'),(1240,4.066999999999998,10,10,'2018-07-29 17:44:38','2018-07-29 17:44:38'),(1241,2.8210000000000006,11,11,'2018-07-29 17:44:39','2018-07-29 17:44:39'),(1242,3.781000000000001,1,1,'2018-07-29 17:44:39','2018-07-29 17:44:39'),(1243,2.430000000000001,7,7,'2018-07-29 17:44:39','2018-07-29 17:44:39'),(1244,0.16500000000000056,8,8,'2018-07-29 17:44:39','2018-07-29 17:44:39'),(1245,3.680000000000001,9,9,'2018-07-29 17:44:40','2018-07-29 17:44:40'),(1246,3.8829999999999982,10,10,'2018-07-29 17:44:40','2018-07-29 17:44:40'),(1247,2.5730000000000004,11,11,'2018-07-29 17:44:40','2018-07-29 17:44:40'),(1248,5,5,5,'2018-07-29 17:55:19','2018-07-29 17:55:19'),(1249,5,8,8,'2018-07-29 17:55:19','2018-07-29 17:55:19'),(1250,3.688000000000001,1,1,'2018-07-29 18:01:19','2018-07-29 18:01:19'),(1251,2.9199999999999995,3,3,'2018-07-29 18:01:19','2018-07-29 18:01:19'),(1252,3.565000000000001,9,9,'2018-07-29 18:01:19','2018-07-29 18:01:19'),(1253,1.4219999999999997,12,12,'2018-07-29 18:01:19','2018-07-29 18:01:19'),(1254,1.3559999999999997,12,12,'2018-07-29 18:01:19','2018-07-29 18:01:19'),(1255,4.949,8,8,'2018-07-29 18:01:20','2018-07-29 18:01:20'),(1256,4.1499999999999995,2,2,'2018-07-29 18:02:32','2018-07-29 18:02:32'),(1257,2.6899999999999995,3,3,'2018-07-29 18:02:32','2018-07-29 18:02:32'),(1258,3.3970000000000007,9,9,'2018-07-29 18:02:32','2018-07-29 18:02:32'),(1259,3.7619999999999982,10,10,'2018-07-29 18:02:32','2018-07-29 18:02:32'),(1260,2.3640000000000003,11,11,'2018-07-29 18:02:32','2018-07-29 18:02:32'),(1261,3.623000000000001,1,1,'2018-07-29 18:02:53','2018-07-29 18:02:53'),(1262,2.4779999999999993,3,3,'2018-07-29 18:02:53','2018-07-29 18:02:53'),(1263,4.044999999999999,2,2,'2018-07-29 18:02:53','2018-07-29 18:02:53'),(1264,2.036,4,4,'2018-07-29 18:02:53','2018-07-29 18:02:53'),(1265,3.2470000000000008,9,9,'2018-07-29 18:02:53','2018-07-29 18:02:53'),(1266,3.5410000000000013,1,1,'2018-07-29 18:02:54','2018-07-29 18:02:54'),(1267,3.864999999999999,2,2,'2018-07-29 18:02:54','2018-07-29 18:02:54'),(1268,1.848,4,4,'2018-07-29 18:02:54','2018-07-29 18:02:54'),(1269,3.5869999999999984,10,10,'2018-07-29 18:02:54','2018-07-29 18:02:54'),(1270,2.087,11,11,'2018-07-29 18:02:54','2018-07-29 18:02:54'),(1271,3.457000000000001,1,1,'2018-07-29 18:02:55','2018-07-29 18:02:55'),(1272,2.3049999999999993,3,3,'2018-07-29 18:02:55','2018-07-29 18:02:55'),(1273,1.87,11,11,'2018-07-29 18:02:55','2018-07-29 18:02:55'),(1274,4.801,5,5,'2018-07-29 18:02:55','2018-07-29 18:02:55'),(1275,3.3949999999999996,6,6,'2018-07-29 18:02:55','2018-07-29 18:02:55'),(1276,1.749,4,4,'2018-07-29 18:02:59','2018-07-29 18:02:59'),(1277,3.061000000000001,9,9,'2018-07-29 18:02:59','2018-07-29 18:02:59'),(1278,3.5009999999999986,10,10,'2018-07-29 18:02:59','2018-07-29 18:02:59'),(1279,1.7400000000000002,11,11,'2018-07-29 18:02:59','2018-07-29 18:02:59'),(1280,1.3339999999999996,12,12,'2018-07-29 18:02:59','2018-07-29 18:02:59'),(1281,2.108999999999999,3,3,'2018-07-29 18:03:00','2018-07-29 18:03:00'),(1282,3.4109999999999987,10,10,'2018-07-29 18:03:00','2018-07-29 18:03:00'),(1283,1.6310000000000002,11,11,'2018-07-29 18:03:00','2018-07-29 18:03:00'),(1284,1.2759999999999996,12,12,'2018-07-29 18:03:00','2018-07-29 18:03:00'),(1285,3.2479999999999998,6,6,'2018-07-29 18:03:00','2018-07-29 18:03:00'),(1286,3.360000000000001,1,1,'2018-07-29 18:03:07','2018-07-29 18:03:07'),(1287,3.756999999999999,2,2,'2018-07-29 18:03:07','2018-07-29 18:03:07'),(1288,2.0509999999999993,3,3,'2018-07-29 18:03:08','2018-07-29 18:03:08'),(1289,2.883000000000001,9,9,'2018-07-29 18:03:08','2018-07-29 18:03:08'),(1290,1.5250000000000001,11,11,'2018-07-29 18:03:08','2018-07-29 18:03:08'),(1291,3.288000000000001,1,1,'2018-07-29 18:04:07','2018-07-29 18:04:07'),(1292,3.5239999999999987,2,2,'2018-07-29 18:04:08','2018-07-29 18:04:08'),(1293,4.567,5,5,'2018-07-29 18:04:08','2018-07-29 18:04:08'),(1294,3.0189999999999997,6,6,'2018-07-29 18:04:08','2018-07-29 18:04:08'),(1295,3.224000000000001,1,1,'2018-07-29 18:04:23','2018-07-29 18:04:23'),(1296,3.3909999999999987,2,2,'2018-07-29 18:04:23','2018-07-29 18:04:23'),(1297,1.9609999999999992,3,3,'2018-07-29 18:04:23','2018-07-29 18:04:23'),(1298,2.848,6,6,'2018-07-29 18:04:23','2018-07-29 18:04:23'),(1299,1.499,4,4,'2018-07-29 18:04:23','2018-07-29 18:04:23'),(1300,3.1500000000000012,1,1,'2018-07-29 18:04:24','2018-07-29 18:04:24'),(1301,3.1869999999999985,2,2,'2018-07-29 18:04:24','2018-07-29 18:04:24'),(1302,1.822999999999999,3,3,'2018-07-29 18:04:24','2018-07-29 18:04:24'),(1303,3.2829999999999986,10,10,'2018-07-29 18:04:24','2018-07-29 18:04:24'),(1304,1.421,11,11,'2018-07-29 18:04:24','2018-07-29 18:04:24'),(1305,3.087000000000001,1,1,'2018-07-29 18:04:24','2018-07-29 18:04:24'),(1306,2.7230000000000008,9,9,'2018-07-29 18:04:25','2018-07-29 18:04:25'),(1307,3.1569999999999987,10,10,'2018-07-29 18:04:25','2018-07-29 18:04:25'),(1308,1.363,11,11,'2018-07-29 18:04:25','2018-07-29 18:04:25'),(1309,2.998000000000001,1,1,'2018-07-29 18:04:37','2018-07-29 18:04:37'),(1310,3.0319999999999987,2,2,'2018-07-29 18:04:37','2018-07-29 18:04:37'),(1311,1.135,11,11,'2018-07-29 18:04:37','2018-07-29 18:04:37'),(1312,2.667,6,6,'2018-07-29 18:04:37','2018-07-29 18:04:37'),(1313,1.542999999999999,3,3,'2018-07-29 18:04:43','2018-07-29 18:04:43'),(1314,2.4580000000000006,9,9,'2018-07-29 18:04:43','2018-07-29 18:04:43'),(1315,3.1049999999999986,10,10,'2018-07-29 18:04:43','2018-07-29 18:04:43'),(1316,1.2019999999999995,12,12,'2018-07-29 18:04:43','2018-07-29 18:04:43'),(1317,2.923000000000001,1,1,'2018-07-29 18:04:56','2018-07-29 18:04:56'),(1318,1.3969999999999991,3,3,'2018-07-29 18:04:56','2018-07-29 18:04:56'),(1319,0.988,11,11,'2018-07-29 18:04:56','2018-07-29 18:04:56'),(1320,2.4869999999999997,6,6,'2018-07-29 18:04:56','2018-07-29 18:04:56'),(1321,1.1499999999999995,12,12,'2018-07-29 18:04:57','2018-07-29 18:04:57'),(1322,2.865000000000001,1,1,'2018-07-29 18:04:57','2018-07-29 18:04:57'),(1323,1.102999999999999,3,3,'2018-07-29 18:04:57','2018-07-29 18:04:57'),(1324,2.2000000000000006,9,9,'2018-07-29 18:04:57','2018-07-29 18:04:57'),(1325,3.0209999999999986,10,10,'2018-07-29 18:04:58','2018-07-29 18:04:58'),(1326,0.768,11,11,'2018-07-29 18:04:58','2018-07-29 18:04:58'),(1327,2.773000000000001,1,1,'2018-07-29 18:05:17','2018-07-29 18:05:17'),(1328,0.8639999999999991,3,3,'2018-07-29 18:05:18','2018-07-29 18:05:18'),(1329,0.711,11,11,'2018-07-29 18:05:18','2018-07-29 18:05:18'),(1330,1.0939999999999994,12,12,'2018-07-29 18:05:18','2018-07-29 18:05:18'),(1331,2.3779999999999997,6,6,'2018-07-29 18:05:18','2018-07-29 18:05:18'),(1332,2.705000000000001,1,1,'2018-07-29 18:05:18','2018-07-29 18:05:18'),(1333,0.7739999999999991,3,3,'2018-07-29 18:05:18','2018-07-29 18:05:18'),(1334,0.494,11,11,'2018-07-29 18:05:19','2018-07-29 18:05:19'),(1335,1.0379999999999994,12,12,'2018-07-29 18:05:19','2018-07-29 18:05:19'),(1336,2.356000000000001,7,7,'2018-07-29 18:05:19','2018-07-29 18:05:19'),(1337,0.5659999999999992,3,3,'2018-07-29 18:06:09','2018-07-29 18:06:09'),(1338,1.4400000000000002,4,4,'2018-07-29 18:06:10','2018-07-29 18:06:10'),(1339,4.4030000000000005,5,5,'2018-07-29 18:06:10','2018-07-29 18:06:10'),(1340,2.0640000000000005,9,9,'2018-07-29 18:06:10','2018-07-29 18:06:10'),(1341,0.354,11,11,'2018-07-29 18:06:10','2018-07-29 18:06:10'),(1342,2.616000000000001,1,1,'2018-07-29 18:06:19','2018-07-29 18:06:19'),(1343,0.3599999999999992,3,3,'2018-07-29 18:06:20','2018-07-29 18:06:20'),(1344,4.327000000000001,5,5,'2018-07-29 18:06:20','2018-07-29 18:06:20'),(1345,2.3059999999999996,6,6,'2018-07-29 18:06:20','2018-07-29 18:06:20'),(1346,1.9940000000000004,9,9,'2018-07-29 18:06:20','2018-07-29 18:06:20'),(1347,2.2189999999999994,6,6,'2018-07-29 18:06:20','2018-07-29 18:06:20'),(1348,2.541000000000001,1,1,'2018-07-29 18:06:20','2018-07-29 18:06:20'),(1349,2.8969999999999985,2,2,'2018-07-29 18:06:21','2018-07-29 18:06:21'),(1350,2.1129999999999995,6,6,'2018-07-29 18:06:21','2018-07-29 18:06:21'),(1351,2.9179999999999984,10,10,'2018-07-29 18:06:21','2018-07-29 18:06:21'),(1352,0.07200000000000001,11,11,'2018-07-29 18:06:22','2018-07-29 18:06:22'),(1353,2.4610000000000007,1,1,'2018-07-29 18:06:22','2018-07-29 18:06:22'),(1354,0.15199999999999922,3,3,'2018-07-29 18:06:22','2018-07-29 18:06:22'),(1355,4.699,8,8,'2018-07-29 18:06:23','2018-07-29 18:06:23'),(1356,2.8419999999999983,10,10,'2018-07-29 18:06:23','2018-07-29 18:06:23'),(1357,0.9779999999999993,12,12,'2018-07-29 18:06:23','2018-07-29 18:06:23'),(1358,2.3930000000000007,1,1,'2018-07-29 18:06:54','2018-07-29 18:06:54'),(1359,1.9379999999999995,6,6,'2018-07-29 18:06:55','2018-07-29 18:06:55'),(1360,2.203000000000001,7,7,'2018-07-29 18:06:55','2018-07-29 18:06:55'),(1361,0.8799999999999993,12,12,'2018-07-29 18:06:55','2018-07-29 18:06:55'),(1362,2.6249999999999982,2,2,'2018-07-29 18:06:55','2018-07-29 18:06:55'),(1363,1.332,4,4,'2018-07-29 18:06:55','2018-07-29 18:06:55'),(1364,1.7859999999999996,6,6,'2018-07-29 18:06:56','2018-07-29 18:06:56'),(1365,1.7360000000000004,9,9,'2018-07-29 18:06:56','2018-07-29 18:06:56'),(1366,2.3240000000000007,1,1,'2018-07-29 18:06:58','2018-07-29 18:06:58'),(1367,1.5699999999999996,6,6,'2018-07-29 18:06:58','2018-07-29 18:06:58'),(1368,4.4319999999999995,8,8,'2018-07-29 18:06:59','2018-07-29 18:06:59'),(1369,2.2490000000000006,1,1,'2018-07-29 18:06:59','2018-07-29 18:06:59'),(1370,2.4179999999999984,2,2,'2018-07-29 18:06:59','2018-07-29 18:06:59'),(1371,1.0310000000000001,4,4,'2018-07-29 18:06:59','2018-07-29 18:06:59'),(1372,1.3759999999999997,6,6,'2018-07-29 18:07:00','2018-07-29 18:07:00'),(1373,1.5890000000000004,9,9,'2018-07-29 18:07:00','2018-07-29 18:07:00'),(1374,0.8119999999999994,12,12,'2018-07-29 18:07:00','2018-07-29 18:07:00'),(1375,2.1730000000000005,1,1,'2018-07-29 18:07:01','2018-07-29 18:07:01'),(1376,0.9340000000000002,4,4,'2018-07-29 18:07:01','2018-07-29 18:07:01'),(1377,1.2659999999999996,6,6,'2018-07-29 18:07:01','2018-07-29 18:07:01'),(1378,2.078000000000001,7,7,'2018-07-29 18:07:01','2018-07-29 18:07:01'),(1379,4.193999999999999,8,8,'2018-07-29 18:07:01','2018-07-29 18:07:01'),(1380,2.0900000000000003,1,1,'2018-07-29 18:07:09','2018-07-29 18:07:09'),(1381,4.033000000000001,5,5,'2018-07-29 18:07:09','2018-07-29 18:07:09'),(1382,3.937999999999999,8,8,'2018-07-29 18:07:09','2018-07-29 18:07:09'),(1383,1.3000000000000005,9,9,'2018-07-29 18:07:09','2018-07-29 18:07:09'),(1384,2.6879999999999984,10,10,'2018-07-29 18:07:10','2018-07-29 18:07:10'),(1385,1.8870000000000011,7,7,'2018-07-29 18:07:22','2018-07-29 18:07:22'),(1386,1.1010000000000004,9,9,'2018-07-29 18:07:22','2018-07-29 18:07:22'),(1387,2.592999999999998,10,10,'2018-07-29 18:07:22','2018-07-29 18:07:22'),(1388,2.481999999999998,10,10,'2018-07-29 18:07:29','2018-07-29 18:07:29'),(1389,2.0220000000000002,1,1,'2018-07-29 18:07:29','2018-07-29 18:07:29'),(1390,0.08999999999999922,3,3,'2018-07-29 18:07:29','2018-07-29 18:07:29'),(1391,0.6450000000000002,4,4,'2018-07-29 18:07:30','2018-07-29 18:07:30'),(1392,0.9839999999999995,6,6,'2018-07-29 18:07:30','2018-07-29 18:07:30'),(1393,0.01200000000000001,11,11,'2018-07-29 18:07:30','2018-07-29 18:07:30'),(1394,2.2689999999999984,2,2,'2018-07-29 18:07:45','2018-07-29 18:07:45'),(1395,1.807000000000001,7,7,'2018-07-29 18:07:46','2018-07-29 18:07:46'),(1396,1.9420000000000002,1,1,'2018-07-29 18:07:46','2018-07-29 18:07:46'),(1397,3.808000000000001,5,5,'2018-07-29 18:07:46','2018-07-29 18:07:46'),(1398,0.8659999999999995,6,6,'2018-07-29 18:07:46','2018-07-29 18:07:46'),(1399,0.7289999999999994,12,12,'2018-07-29 18:07:46','2018-07-29 18:07:46'),(1400,1.8670000000000002,1,1,'2018-07-29 18:07:47','2018-07-29 18:07:47'),(1401,2.197999999999998,2,2,'2018-07-29 18:07:47','2018-07-29 18:07:47'),(1402,0.6209999999999996,6,6,'2018-07-29 18:07:47','2018-07-29 18:07:47'),(1403,3.6489999999999987,8,8,'2018-07-29 18:07:47','2018-07-29 18:07:47'),(1404,1.8050000000000002,1,1,'2018-07-29 18:07:48','2018-07-29 18:07:48'),(1405,1.662000000000001,7,7,'2018-07-29 18:07:48','2018-07-29 18:07:48'),(1406,2.307999999999998,10,10,'2018-07-29 18:07:48','2018-07-29 18:07:48'),(1407,5,3,3,'2018-07-29 18:07:50','2018-07-29 18:07:50'),(1408,5,11,11,'2018-07-29 18:07:51','2018-07-29 18:07:51'),(1409,4.821,3,3,'2018-07-29 18:07:51','2018-07-29 18:07:51'),(1410,0.44499999999999956,6,6,'2018-07-29 18:07:52','2018-07-29 18:07:52'),(1411,1.463000000000001,7,7,'2018-07-29 18:07:52','2018-07-29 18:07:52'),(1412,1.0150000000000003,9,9,'2018-07-29 18:07:52','2018-07-29 18:07:52'),(1413,0.6669999999999994,12,12,'2018-07-29 18:07:53','2018-07-29 18:07:53'),(1414,1.741,1,1,'2018-07-29 18:07:53','2018-07-29 18:07:53'),(1415,2.012999999999998,2,2,'2018-07-29 18:07:53','2018-07-29 18:07:53'),(1416,0.36999999999999955,6,6,'2018-07-29 18:07:53','2018-07-29 18:07:53'),(1417,0.9210000000000004,9,9,'2018-07-29 18:07:54','2018-07-29 18:07:54'),(1418,4.714,11,11,'2018-07-29 18:07:54','2018-07-29 18:07:54'),(1419,1.6540000000000001,1,1,'2018-07-29 18:07:54','2018-07-29 18:07:54'),(1420,1.7379999999999982,2,2,'2018-07-29 18:07:54','2018-07-29 18:07:54'),(1421,0.5470000000000003,4,4,'2018-07-29 18:07:55','2018-07-29 18:07:55'),(1422,0.29499999999999954,6,6,'2018-07-29 18:07:55','2018-07-29 18:07:55'),(1423,1.3390000000000009,7,7,'2018-07-29 18:07:55','2018-07-29 18:07:55'),(1424,1.596,1,1,'2018-07-29 18:08:11','2018-07-29 18:08:11'),(1425,1.068000000000001,7,7,'2018-07-29 18:08:12','2018-07-29 18:08:12'),(1426,3.5519999999999987,8,8,'2018-07-29 18:08:12','2018-07-29 18:08:12'),(1427,2.1369999999999982,10,10,'2018-07-29 18:08:12','2018-07-29 18:08:12'),(1428,1.5430000000000001,1,1,'2018-07-29 18:08:23','2018-07-29 18:08:23'),(1429,1.6309999999999982,2,2,'2018-07-29 18:08:24','2018-07-29 18:08:24'),(1430,4.588,3,3,'2018-07-29 18:08:24','2018-07-29 18:08:24'),(1431,0.49200000000000027,4,4,'2018-07-29 18:08:24','2018-07-29 18:08:24'),(1432,0.16799999999999954,6,6,'2018-07-29 18:08:24','2018-07-29 18:08:24'),(1433,1.4840000000000002,1,1,'2018-07-29 18:08:24','2018-07-29 18:08:24'),(1434,4.488,3,3,'2018-07-29 18:08:25','2018-07-29 18:08:25'),(1435,0.28600000000000025,4,4,'2018-07-29 18:08:25','2018-07-29 18:08:25'),(1436,0.02399999999999955,6,6,'2018-07-29 18:08:26','2018-07-29 18:08:26'),(1437,2.0069999999999983,10,10,'2018-07-29 18:08:26','2018-07-29 18:08:26'),(1438,0.7870000000000004,9,9,'2018-07-29 18:08:26','2018-07-29 18:08:26'),(1439,1.4179999999999982,2,2,'2018-07-29 18:08:26','2018-07-29 18:08:26'),(1440,4.188000000000001,3,3,'2018-07-29 18:08:27','2018-07-29 18:08:27'),(1441,0.5780000000000004,9,9,'2018-07-29 18:08:27','2018-07-29 18:08:27'),(1442,1.8559999999999983,10,10,'2018-07-29 18:08:27','2018-07-29 18:08:27'),(1443,1.4290000000000003,1,1,'2018-07-29 18:08:28','2018-07-29 18:08:28'),(1444,1.2899999999999983,2,2,'2018-07-29 18:08:28','2018-07-29 18:08:28'),(1445,3.912000000000001,3,3,'2018-07-29 18:08:28','2018-07-29 18:08:28'),(1446,1.7029999999999983,10,10,'2018-07-29 18:08:28','2018-07-29 18:08:28'),(1447,4.473000000000001,11,11,'2018-07-29 18:08:29','2018-07-29 18:08:29'),(1448,1.3340000000000003,1,1,'2018-07-29 18:08:29','2018-07-29 18:08:29'),(1449,1.0719999999999983,2,2,'2018-07-29 18:08:29','2018-07-29 18:08:29'),(1450,0.9330000000000009,7,7,'2018-07-29 18:08:29','2018-07-29 18:08:29'),(1451,3.308999999999999,8,8,'2018-07-29 18:08:30','2018-07-29 18:08:30'),(1452,1.5589999999999984,10,10,'2018-07-29 18:08:30','2018-07-29 18:08:30'),(1453,3.769000000000001,3,3,'2018-07-29 18:08:46','2018-07-29 18:08:46'),(1454,3.7420000000000013,5,5,'2018-07-29 18:08:46','2018-07-29 18:08:46'),(1455,4.229000000000001,11,11,'2018-07-29 18:08:47','2018-07-29 18:08:47'),(1456,1.2380000000000002,1,1,'2018-07-29 18:08:47','2018-07-29 18:08:47'),(1457,0.8089999999999983,2,2,'2018-07-29 18:08:47','2018-07-29 18:08:47'),(1458,3.508000000000001,3,3,'2018-07-29 18:08:47','2018-07-29 18:08:47'),(1459,4.074000000000001,11,11,'2018-07-29 18:08:48','2018-07-29 18:08:48'),(1460,0.6689999999999983,2,2,'2018-07-29 18:08:48','2018-07-29 18:08:48'),(1461,0.6139999999999993,12,12,'2018-07-29 18:08:48','2018-07-29 18:08:48'),(1462,1.1790000000000003,1,1,'2018-07-29 18:09:14','2018-07-29 18:09:14'),(1463,0.5749999999999983,2,2,'2018-07-29 18:09:15','2018-07-29 18:09:15'),(1464,0.6570000000000009,7,7,'2018-07-29 18:09:15','2018-07-29 18:09:15'),(1465,0.3000000000000004,9,9,'2018-07-29 18:09:15','2018-07-29 18:09:15'),(1466,1.0880000000000003,1,1,'2018-07-29 18:09:30','2018-07-29 18:09:30'),(1467,3.440000000000001,3,3,'2018-07-29 18:09:31','2018-07-29 18:09:31'),(1468,3.4830000000000014,5,5,'2018-07-29 18:09:31','2018-07-29 18:09:31'),(1469,0.580000000000001,7,7,'2018-07-29 18:09:32','2018-07-29 18:09:32'),(1470,1.0200000000000002,1,1,'2018-07-29 18:09:32','2018-07-29 18:09:32'),(1471,0.23300000000000026,4,4,'2018-07-29 18:09:32','2018-07-29 18:09:32'),(1472,3.3800000000000012,5,5,'2018-07-29 18:09:32','2018-07-29 18:09:32'),(1473,1.4119999999999984,10,10,'2018-07-29 18:09:33','2018-07-29 18:09:33'),(1474,0.9640000000000002,1,1,'2018-07-29 18:09:33','2018-07-29 18:09:33'),(1475,3.363000000000001,3,3,'2018-07-29 18:09:33','2018-07-29 18:09:33'),(1476,0.4140000000000009,7,7,'2018-07-29 18:09:34','2018-07-29 18:09:34'),(1477,3.169999999999999,8,8,'2018-07-29 18:09:34','2018-07-29 18:09:34'),(1478,0.8680000000000002,1,1,'2018-07-29 18:09:38','2018-07-29 18:09:38'),(1479,0.1500000000000009,7,7,'2018-07-29 18:09:38','2018-07-29 18:09:38'),(1480,0.08200000000000038,9,9,'2018-07-29 18:09:38','2018-07-29 18:09:38'),(1481,0.5219999999999994,12,12,'2018-07-29 18:09:38','2018-07-29 18:09:38'),(1482,0.4849999999999983,2,2,'2018-07-29 18:09:39','2018-07-29 18:09:39'),(1483,1.2129999999999983,10,10,'2018-07-29 18:09:40','2018-07-29 18:09:40'),(1484,0.8010000000000002,1,1,'2018-07-29 18:09:41','2018-07-29 18:09:41'),(1485,0.012000000000000899,7,7,'2018-07-29 18:09:41','2018-07-29 18:09:41'),(1486,3.783000000000001,11,11,'2018-07-29 18:09:42','2018-07-29 18:09:42'),(1487,0.7430000000000001,1,1,'2018-07-29 18:09:42','2018-07-29 18:09:42'),(1488,0.4179999999999983,2,2,'2018-07-29 18:09:43','2018-07-29 18:09:43'),(1489,3.185000000000001,3,3,'2018-07-29 18:09:43','2018-07-29 18:09:43'),(1490,2.958999999999999,8,8,'2018-07-29 18:09:44','2018-07-29 18:09:44'),(1491,0.679,1,1,'2018-07-29 18:09:44','2018-07-29 18:09:44'),(1492,3.113000000000001,3,3,'2018-07-29 18:09:45','2018-07-29 18:09:45'),(1493,1.1349999999999982,10,10,'2018-07-29 18:09:45','2018-07-29 18:09:45'),(1494,3.6800000000000006,11,11,'2018-07-29 18:09:45','2018-07-29 18:09:45'),(1495,0.4279999999999994,12,12,'2018-07-29 18:09:46','2018-07-29 18:09:46'),(1496,0.6060000000000001,1,1,'2018-07-29 18:09:46','2018-07-29 18:09:46'),(1497,0.1569999999999983,2,2,'2018-07-29 18:09:47','2018-07-29 18:09:47'),(1498,5,3,3,'2018-07-29 18:09:50','2018-07-29 18:09:50'),(1499,5,11,11,'2018-07-29 18:09:51','2018-07-29 18:09:51'),(1500,0.5200000000000001,1,1,'2018-07-29 18:10:29','2018-07-29 18:10:29'),(1501,4.737,3,3,'2018-07-29 18:10:30','2018-07-29 18:10:30'),(1502,3.187000000000001,5,5,'2018-07-29 18:10:30','2018-07-29 18:10:30'),(1503,2.7199999999999993,8,8,'2018-07-29 18:10:30','2018-07-29 18:10:30'),(1504,4.909,11,11,'2018-07-29 18:10:31','2018-07-29 18:10:31'),(1505,0.3599999999999994,12,12,'2018-07-29 18:10:31','2018-07-29 18:10:31'),(1506,4.523,3,3,'2018-07-29 18:10:49','2018-07-29 18:10:49'),(1507,0.28099999999999936,12,12,'2018-07-29 18:10:50','2018-07-29 18:10:50'),(1508,4.300999999999999,3,3,'2018-07-29 18:10:52','2018-07-29 18:10:52'),(1509,0.46700000000000014,1,1,'2018-07-29 18:10:52','2018-07-29 18:10:52'),(1510,0.03199999999999831,2,2,'2018-07-29 18:11:16','2018-07-29 18:11:16'),(1511,0.3700000000000001,1,1,'2018-07-29 18:11:16','2018-07-29 18:11:16'),(1512,4.001999999999999,3,3,'2018-07-29 18:11:16','2018-07-29 18:11:16'),(1513,0.2850000000000001,1,1,'2018-07-29 18:11:19','2018-07-29 18:11:19'),(1514,3.8179999999999987,3,3,'2018-07-29 18:11:20','2018-07-29 18:11:20'),(1515,0.016000000000000375,9,9,'2018-07-29 18:11:20','2018-07-29 18:11:20'),(1516,0.20200000000000007,1,1,'2018-07-29 18:11:20','2018-07-29 18:11:20'),(1517,2.6679999999999993,8,8,'2018-07-29 18:11:20','2018-07-29 18:11:20'),(1518,4.802,11,11,'2018-07-29 18:11:21','2018-07-29 18:11:21'),(1519,3.5319999999999987,3,3,'2018-07-29 18:11:31','2018-07-29 18:11:31'),(1520,1.0499999999999983,10,10,'2018-07-29 18:11:31','2018-07-29 18:11:31'),(1521,4.654,11,11,'2018-07-29 18:11:31','2018-07-29 18:11:31'),(1522,0.13500000000000006,1,1,'2018-07-29 18:11:42','2018-07-29 18:11:42'),(1523,0.9259999999999983,10,10,'2018-07-29 18:11:42','2018-07-29 18:11:42'),(1524,4.4399999999999995,11,11,'2018-07-29 18:11:43','2018-07-29 18:11:43'),(1525,0.05400000000000006,1,1,'2018-07-29 18:11:43','2018-07-29 18:11:43'),(1526,4.2379999999999995,11,11,'2018-07-29 18:11:43','2018-07-29 18:11:43'),(1527,5,1,1,'2018-07-29 18:11:51','2018-07-29 18:11:51'),(1528,5,2,2,'2018-07-29 18:11:51','2018-07-29 18:11:51'),(1529,3,4,4,'2018-07-29 18:11:51','2018-07-29 18:11:51'),(1530,5,6,6,'2018-07-29 18:11:51','2018-07-29 18:11:51'),(1531,5,7,7,'2018-07-29 18:11:52','2018-07-29 18:11:52'),(1532,5,9,9,'2018-07-29 18:11:52','2018-07-29 18:11:52'),(1533,5,12,12,'2018-07-29 18:11:52','2018-07-29 18:11:52'),(1534,4.928,1,1,'2018-07-29 18:11:56','2018-07-29 18:11:56'),(1535,4.788,2,2,'2018-07-29 18:11:56','2018-07-29 18:11:56'),(1536,0.7319999999999982,10,10,'2018-07-29 18:11:57','2018-07-29 18:11:57'),(1537,4.161,11,11,'2018-07-29 18:11:57','2018-07-29 18:11:57'),(1538,4.894,7,7,'2018-07-29 18:12:03','2018-07-29 18:12:03'),(1539,0.6579999999999983,10,10,'2018-07-29 18:12:04','2018-07-29 18:12:04'),(1540,3.9959999999999996,11,11,'2018-07-29 18:12:04','2018-07-29 18:12:04'),(1541,4.919,12,12,'2018-07-29 18:12:04','2018-07-29 18:12:04'),(1542,4.837,1,1,'2018-07-29 18:12:16','2018-07-29 18:12:16'),(1543,4.563000000000001,2,2,'2018-07-29 18:12:16','2018-07-29 18:12:16'),(1544,4.749,9,9,'2018-07-29 18:12:17','2018-07-29 18:12:17'),(1545,3.7189999999999994,11,11,'2018-07-29 18:12:17','2018-07-29 18:12:17'),(1546,4.859,12,12,'2018-07-29 18:12:17','2018-07-29 18:12:17'),(1547,4.372000000000001,2,2,'2018-07-29 18:12:17','2018-07-29 18:12:17'),(1548,3.4439999999999986,3,3,'2018-07-29 18:12:17','2018-07-29 18:12:17'),(1549,4.705,7,7,'2018-07-29 18:12:17','2018-07-29 18:12:17'),(1550,4.739,1,1,'2018-07-29 18:12:38','2018-07-29 18:12:38'),(1551,4.906,6,6,'2018-07-29 18:12:38','2018-07-29 18:12:38'),(1552,4.631,7,7,'2018-07-29 18:12:39','2018-07-29 18:12:39'),(1553,4.67,9,9,'2018-07-29 18:12:39','2018-07-29 18:12:39'),(1554,3.6539999999999995,11,11,'2018-07-29 18:12:39','2018-07-29 18:12:39'),(1555,4.654,1,1,'2018-07-29 18:12:39','2018-07-29 18:12:39'),(1556,4.320000000000001,2,2,'2018-07-29 18:12:39','2018-07-29 18:12:39'),(1557,3.296999999999999,3,3,'2018-07-29 18:12:39','2018-07-29 18:12:39'),(1558,0.5889999999999982,10,10,'2018-07-29 18:12:40','2018-07-29 18:12:40'),(1559,0.5039999999999982,10,10,'2018-07-29 18:12:40','2018-07-29 18:12:40'),(1560,4.761,12,12,'2018-07-29 18:12:40','2018-07-29 18:12:40'),(1561,4.574,1,1,'2018-07-29 18:12:40','2018-07-29 18:12:40'),(1562,3.166999999999999,3,3,'2018-07-29 18:12:41','2018-07-29 18:12:41'),(1563,2.8609999999999998,4,4,'2018-07-29 18:12:41','2018-07-29 18:12:41'),(1564,4.4799999999999995,1,1,'2018-07-29 18:12:57','2018-07-29 18:12:57'),(1565,4.72,6,6,'2018-07-29 18:12:58','2018-07-29 18:12:58'),(1566,4.402,7,7,'2018-07-29 18:12:58','2018-07-29 18:12:58'),(1567,4.452,9,9,'2018-07-29 18:12:58','2018-07-29 18:12:58'),(1568,3.3689999999999993,11,11,'2018-07-29 18:12:58','2018-07-29 18:12:58'),(1569,4.385,1,1,'2018-07-29 18:13:41','2018-07-29 18:13:41'),(1570,4.114000000000001,2,2,'2018-07-29 18:13:42','2018-07-29 18:13:42'),(1571,3.058999999999999,3,3,'2018-07-29 18:13:42','2018-07-29 18:13:42'),(1572,3.100000000000001,5,5,'2018-07-29 18:13:42','2018-07-29 18:13:42'),(1573,4.158,7,7,'2018-07-29 18:13:42','2018-07-29 18:13:42'),(1574,4.055000000000001,2,2,'2018-07-29 18:13:42','2018-07-29 18:13:42'),(1575,2.537,4,4,'2018-07-29 18:13:42','2018-07-29 18:13:42'),(1576,3.8630000000000004,7,7,'2018-07-29 18:13:42','2018-07-29 18:13:42'),(1577,4.27,9,9,'2018-07-29 18:13:43','2018-07-29 18:13:43'),(1578,0.3429999999999982,10,10,'2018-07-29 18:13:43','2018-07-29 18:13:43'),(1579,4.31,1,1,'2018-07-29 18:13:43','2018-07-29 18:13:43'),(1580,3.7980000000000005,2,2,'2018-07-29 18:13:43','2018-07-29 18:13:43'),(1581,2.928000000000001,5,5,'2018-07-29 18:13:43','2018-07-29 18:13:43'),(1582,4.564,6,6,'2018-07-29 18:13:43','2018-07-29 18:13:43'),(1583,3.986,7,7,'2018-07-29 18:13:44','2018-07-29 18:13:44'),(1584,4.236999999999999,1,1,'2018-07-29 18:13:44','2018-07-29 18:13:44'),(1585,2.935999999999999,3,3,'2018-07-29 18:13:44','2018-07-29 18:13:44'),(1586,2.7190000000000007,5,5,'2018-07-29 18:13:44','2018-07-29 18:13:44'),(1587,3.2349999999999994,11,11,'2018-07-29 18:13:44','2018-07-29 18:13:44'),(1588,4.682,12,12,'2018-07-29 18:13:45','2018-07-29 18:13:45'),(1589,5,1,1,'2018-07-29 18:13:50','2018-07-29 18:13:50'),(1590,5,2,2,'2018-07-29 18:13:51','2018-07-29 18:13:51'),(1591,3,4,4,'2018-07-29 18:13:51','2018-07-29 18:13:51'),(1592,5,6,6,'2018-07-29 18:13:51','2018-07-29 18:13:51'),(1593,5,7,7,'2018-07-29 18:13:51','2018-07-29 18:13:51'),(1594,5,9,9,'2018-07-29 18:13:51','2018-07-29 18:13:51'),(1595,5,12,12,'2018-07-29 18:13:51','2018-07-29 18:13:51'),(1596,4.917,1,1,'2018-07-29 18:13:53','2018-07-29 18:13:53'),(1597,4.925,7,7,'2018-07-29 18:13:54','2018-07-29 18:13:54'),(1598,4.875,9,9,'2018-07-29 18:13:54','2018-07-29 18:13:54'),(1599,3.0919999999999996,11,11,'2018-07-29 18:13:54','2018-07-29 18:13:54'),(1600,4.931,12,12,'2018-07-29 18:13:54','2018-07-29 18:13:54'),(1601,4.827,1,1,'2018-07-29 18:13:54','2018-07-29 18:13:54'),(1602,2.693999999999999,3,3,'2018-07-29 18:13:54','2018-07-29 18:13:54'),(1603,4.606,9,9,'2018-07-29 18:13:55','2018-07-29 18:13:55'),(1604,2.9639999999999995,11,11,'2018-07-29 18:13:55','2018-07-29 18:13:55'),(1605,4.843,12,12,'2018-07-29 18:13:55','2018-07-29 18:13:55'),(1606,4.776,1,1,'2018-07-29 18:13:55','2018-07-29 18:13:55'),(1607,2.3979999999999992,3,3,'2018-07-29 18:13:55','2018-07-29 18:13:55'),(1608,4.861,6,6,'2018-07-29 18:13:55','2018-07-29 18:13:55'),(1609,4.699,7,7,'2018-07-29 18:13:55','2018-07-29 18:13:55'),(1610,2.4859999999999993,8,8,'2018-07-29 18:13:56','2018-07-29 18:13:56'),(1611,4.78,2,2,'2018-07-29 18:13:57','2018-07-29 18:13:57'),(1612,2.1509999999999994,3,3,'2018-07-29 18:13:58','2018-07-29 18:13:58'),(1613,4.413,9,9,'2018-07-29 18:13:58','2018-07-29 18:13:58'),(1614,2.7939999999999996,11,11,'2018-07-29 18:13:58','2018-07-29 18:13:58'),(1615,4.744,12,12,'2018-07-29 18:13:58','2018-07-29 18:13:58'),(1616,4.513,7,7,'2018-07-29 18:13:58','2018-07-29 18:13:58'),(1617,0.17299999999999818,10,10,'2018-07-29 18:13:58','2018-07-29 18:13:58'),(1618,2.7129999999999996,11,11,'2018-07-29 18:13:59','2018-07-29 18:13:59'),(1619,4.654999999999999,12,12,'2018-07-29 18:13:59','2018-07-29 18:13:59'),(1620,4.712,1,1,'2018-07-29 18:15:02','2018-07-29 18:15:02'),(1621,1.8579999999999994,3,3,'2018-07-29 18:15:02','2018-07-29 18:15:02'),(1622,4.271,7,7,'2018-07-29 18:15:03','2018-07-29 18:15:03'),(1623,4.2490000000000006,9,9,'2018-07-29 18:15:03','2018-07-29 18:15:03'),(1624,4.6209999999999996,1,1,'2018-07-29 18:15:24','2018-07-29 18:15:24'),(1625,1.6639999999999995,3,3,'2018-07-29 18:15:24','2018-07-29 18:15:24'),(1626,4.689,6,6,'2018-07-29 18:15:25','2018-07-29 18:15:25'),(1627,0.039999999999998176,10,10,'2018-07-29 18:15:25','2018-07-29 18:15:25'),(1628,4.576,12,12,'2018-07-29 18:15:25','2018-07-29 18:15:25'),(1629,4.569999999999999,1,1,'2018-07-29 18:15:49','2018-07-29 18:15:49'),(1630,1.4859999999999995,3,3,'2018-07-29 18:15:49','2018-07-29 18:15:49'),(1631,4.646,2,2,'2018-07-29 18:15:50','2018-07-29 18:15:50'),(1632,4.197000000000001,9,9,'2018-07-29 18:15:50','2018-07-29 18:15:50'),(1633,2.631,11,11,'2018-07-29 18:15:50','2018-07-29 18:15:50'),(1634,4.5089999999999995,1,1,'2018-07-29 18:16:07','2018-07-29 18:16:07'),(1635,1.2129999999999996,3,3,'2018-07-29 18:16:07','2018-07-29 18:16:07'),(1636,4.54,6,6,'2018-07-29 18:16:08','2018-07-29 18:16:08'),(1637,4.016000000000001,9,9,'2018-07-29 18:16:08','2018-07-29 18:16:08'),(1638,4.425999999999999,1,1,'2018-07-29 18:16:19','2018-07-29 18:16:19'),(1639,4.32,6,6,'2018-07-29 18:16:20','2018-07-29 18:16:20'),(1640,2.2279999999999993,8,8,'2018-07-29 18:16:20','2018-07-29 18:16:20'),(1641,3.853000000000001,9,9,'2018-07-29 18:16:20','2018-07-29 18:16:20'),(1642,2.557,11,11,'2018-07-29 18:16:20','2018-07-29 18:16:20'),(1643,4.355999999999999,1,1,'2018-07-29 18:16:20','2018-07-29 18:16:20'),(1644,4.38,2,2,'2018-07-29 18:16:20','2018-07-29 18:16:20'),(1645,4.263,6,6,'2018-07-29 18:16:21','2018-07-29 18:16:21'),(1646,3.591000000000001,9,9,'2018-07-29 18:16:21','2018-07-29 18:16:21'),(1647,4.489999999999999,12,12,'2018-07-29 18:16:21','2018-07-29 18:16:21'),(1648,4.292999999999999,1,1,'2018-07-29 18:16:21','2018-07-29 18:16:21'),(1649,4.184,6,6,'2018-07-29 18:16:21','2018-07-29 18:16:21'),(1650,2.0219999999999994,8,8,'2018-07-29 18:16:21','2018-07-29 18:16:21'),(1651,4.220999999999999,1,1,'2018-07-29 18:16:22','2018-07-29 18:16:22'),(1652,1.1089999999999995,3,3,'2018-07-29 18:16:22','2018-07-29 18:16:22'),(1653,4.127,6,6,'2018-07-29 18:16:22','2018-07-29 18:16:22'),(1654,3.479000000000001,9,9,'2018-07-29 18:16:22','2018-07-29 18:16:22'),(1655,0.9979999999999996,3,3,'2018-07-29 18:16:23','2018-07-29 18:16:23'),(1656,4.161,1,1,'2018-07-29 18:16:23','2018-07-29 18:16:23'),(1657,3.868,6,6,'2018-07-29 18:16:23','2018-07-29 18:16:23'),(1658,4.064,7,7,'2018-07-29 18:16:23','2018-07-29 18:16:23'),(1659,2.393,11,11,'2018-07-29 18:16:23','2018-07-29 18:16:23'),(1660,3.59,6,6,'2018-07-29 18:17:29','2018-07-29 18:17:29'),(1661,3.765,7,7,'2018-07-29 18:17:29','2018-07-29 18:17:29'),(1662,1.8609999999999993,8,8,'2018-07-29 18:17:29','2018-07-29 18:17:29'),(1663,2.234,11,11,'2018-07-29 18:17:29','2018-07-29 18:17:29'),(1664,4.063999999999999,1,1,'2018-07-29 18:17:29','2018-07-29 18:17:29'),(1665,0.7799999999999996,3,3,'2018-07-29 18:17:29','2018-07-29 18:17:29'),(1666,2.9,4,4,'2018-07-29 18:17:29','2018-07-29 18:17:29'),(1667,3.314,6,6,'2018-07-29 18:17:30','2018-07-29 18:17:30'),(1668,4.403999999999999,12,12,'2018-07-29 18:17:30','2018-07-29 18:17:30'),(1669,3.986999999999999,1,1,'2018-07-29 18:17:30','2018-07-29 18:17:30'),(1670,0.7069999999999996,3,3,'2018-07-29 18:17:30','2018-07-29 18:17:30'),(1671,2.4290000000000007,5,5,'2018-07-29 18:17:31','2018-07-29 18:17:31'),(1672,3.213,6,6,'2018-07-29 18:17:31','2018-07-29 18:17:31'),(1673,1.6659999999999993,8,8,'2018-07-29 18:17:31','2018-07-29 18:17:31'),(1674,3.319000000000001,9,9,'2018-07-29 18:17:31','2018-07-29 18:17:31'),(1675,3.9099999999999993,1,1,'2018-07-29 18:17:32','2018-07-29 18:17:32'),(1676,0.5389999999999996,3,3,'2018-07-29 18:17:32','2018-07-29 18:17:32'),(1677,3.682,7,7,'2018-07-29 18:17:32','2018-07-29 18:17:32'),(1678,1.96,11,11,'2018-07-29 18:17:32','2018-07-29 18:17:32'),(1679,3.817999999999999,1,1,'2018-07-29 18:17:39','2018-07-29 18:17:39'),(1680,3.025,6,6,'2018-07-29 18:17:40','2018-07-29 18:17:40'),(1681,3.2230000000000008,9,9,'2018-07-29 18:17:40','2018-07-29 18:17:40'),(1682,1.696,11,11,'2018-07-29 18:17:40','2018-07-29 18:17:40'),(1683,4.326999999999999,12,12,'2018-07-29 18:17:40','2018-07-29 18:17:40'),(1684,0.3569999999999996,3,3,'2018-07-29 18:17:40','2018-07-29 18:17:40'),(1685,2.758,6,6,'2018-07-29 18:17:40','2018-07-29 18:17:40'),(1686,4.241999999999999,12,12,'2018-07-29 18:17:41','2018-07-29 18:17:41'),(1687,3.748999999999999,1,1,'2018-07-29 18:17:41','2018-07-29 18:17:41'),(1688,2.763,4,4,'2018-07-29 18:17:41','2018-07-29 18:17:41'),(1689,3.6959999999999993,1,1,'2018-07-29 18:17:41','2018-07-29 18:17:41'),(1690,4.271,2,2,'2018-07-29 18:17:42','2018-07-29 18:17:42'),(1691,2.5549999999999997,4,4,'2018-07-29 18:17:42','2018-07-29 18:17:42'),(1692,1.515,11,11,'2018-07-29 18:17:42','2018-07-29 18:17:42'),(1693,3.1270000000000007,9,9,'2018-07-29 18:17:43','2018-07-29 18:17:43'),(1694,3.6869999999999994,1,1,'2018-07-29 18:17:44','2018-07-29 18:17:44'),(1695,0.06799999999999962,3,3,'2018-07-29 18:17:44','2018-07-29 18:17:44'),(1696,3.5469999999999997,7,7,'2018-07-29 18:17:44','2018-07-29 18:17:44'),(1697,3.0110000000000006,9,9,'2018-07-29 18:17:44','2018-07-29 18:17:44'),(1698,1.321,11,11,'2018-07-29 18:17:44','2018-07-29 18:17:44'),(1699,1.254,11,11,'2018-07-29 18:17:44','2018-07-29 18:17:44'),(1700,4.188999999999999,12,12,'2018-07-29 18:17:45','2018-07-29 18:17:45'),(1701,2.559,6,6,'2018-07-29 18:17:45','2018-07-29 18:17:45'),(1702,3.3389999999999995,7,7,'2018-07-29 18:17:45','2018-07-29 18:17:45'),(1703,1.3659999999999992,8,8,'2018-07-29 18:17:45','2018-07-29 18:17:45'),(1704,2.888000000000001,9,9,'2018-07-29 18:17:45','2018-07-29 18:17:45'),(1705,3.5889999999999995,1,1,'2018-07-29 18:17:46','2018-07-29 18:17:46'),(1706,2.353,6,6,'2018-07-29 18:17:46','2018-07-29 18:17:46'),(1707,1.101,11,11,'2018-07-29 18:17:46','2018-07-29 18:17:46'),(1708,4.137,12,12,'2018-07-29 18:17:46','2018-07-29 18:17:46'),(1709,3.4919999999999995,1,1,'2018-07-29 18:17:47','2018-07-29 18:17:47'),(1710,0.851,11,11,'2018-07-29 18:17:47','2018-07-29 18:17:47'),(1711,3.4239999999999995,1,1,'2018-07-29 18:17:47','2018-07-29 18:17:47'),(1712,4.086,2,2,'2018-07-29 18:17:47','2018-07-29 18:17:47'),(1713,2.3689999999999998,4,4,'2018-07-29 18:17:47','2018-07-29 18:17:47'),(1714,0.6869999999999999,11,11,'2018-07-29 18:17:48','2018-07-29 18:17:48'),(1715,3.3409999999999993,1,1,'2018-07-29 18:17:48','2018-07-29 18:17:48'),(1716,2.604000000000001,9,9,'2018-07-29 18:17:48','2018-07-29 18:17:48'),(1717,0.5479999999999999,11,11,'2018-07-29 18:17:48','2018-07-29 18:17:48'),(1718,5,10,10,'2018-07-29 18:17:50','2018-07-29 18:17:50'),(1719,3.2529999999999992,1,1,'2018-07-29 18:17:52','2018-07-29 18:17:52'),(1720,3.1929999999999996,7,7,'2018-07-29 18:17:52','2018-07-29 18:17:52'),(1721,0.32499999999999996,11,11,'2018-07-29 18:17:52','2018-07-29 18:17:52'),(1722,4.0729999999999995,12,12,'2018-07-29 18:17:52','2018-07-29 18:17:52'),(1723,2.9059999999999997,7,7,'2018-07-29 18:17:52','2018-07-29 18:17:52'),(1724,0.27499999999999997,11,11,'2018-07-29 18:17:53','2018-07-29 18:17:53'),(1725,2.129,6,6,'2018-07-29 18:17:53','2018-07-29 18:17:53'),(1726,3.0049999999999994,7,7,'2018-07-29 18:17:53','2018-07-29 18:17:53'),(1727,0.18799999999999997,11,11,'2018-07-29 18:17:53','2018-07-29 18:17:53'),(1728,3.181999999999999,1,1,'2018-07-29 18:18:08','2018-07-29 18:18:08'),(1729,2.8929999999999993,7,7,'2018-07-29 18:18:08','2018-07-29 18:18:08'),(1730,4.005999999999999,12,12,'2018-07-29 18:18:09','2018-07-29 18:18:09'),(1731,4.894,10,10,'2018-07-29 18:18:35','2018-07-29 18:18:35'),(1732,0.02899999999999997,11,11,'2018-07-29 18:18:36','2018-07-29 18:18:36'),(1733,3.9449999999999994,12,12,'2018-07-29 18:18:36','2018-07-29 18:18:36'),(1734,3.130999999999999,1,1,'2018-07-29 18:19:01','2018-07-29 18:19:01'),(1735,3.8500000000000005,2,2,'2018-07-29 18:19:01','2018-07-29 18:19:01'),(1736,2.06,6,6,'2018-07-29 18:19:01','2018-07-29 18:19:01'),(1737,2.7099999999999995,7,7,'2018-07-29 18:19:01','2018-07-29 18:19:01'),(1738,4.71,10,10,'2018-07-29 18:19:01','2018-07-29 18:19:01'),(1739,3.7890000000000006,2,2,'2018-07-29 18:19:02','2018-07-29 18:19:02'),(1740,1.2789999999999992,8,8,'2018-07-29 18:19:02','2018-07-29 18:19:02'),(1741,2.516000000000001,9,9,'2018-07-29 18:19:02','2018-07-29 18:19:02'),(1742,4.562,10,10,'2018-07-29 18:19:02','2018-07-29 18:19:02'),(1743,3.072999999999999,1,1,'2018-07-29 18:19:24','2018-07-29 18:19:24'),(1744,1.98,6,6,'2018-07-29 18:19:24','2018-07-29 18:19:24'),(1745,2.281000000000001,9,9,'2018-07-29 18:19:24','2018-07-29 18:19:24'),(1746,3.8949999999999996,12,12,'2018-07-29 18:19:24','2018-07-29 18:19:24'),(1747,2.976999999999999,1,1,'2018-07-29 18:19:24','2018-07-29 18:19:24'),(1748,2.5439999999999996,7,7,'2018-07-29 18:19:25','2018-07-29 18:19:25'),(1749,3.8039999999999994,12,12,'2018-07-29 18:19:25','2018-07-29 18:19:25'),(1750,3.0229999999999992,1,1,'2018-07-29 18:19:25','2018-07-29 18:19:25'),(1751,1.81,6,6,'2018-07-29 18:19:25','2018-07-29 18:19:25'),(1752,2.069000000000001,9,9,'2018-07-29 18:19:25','2018-07-29 18:19:25'),(1753,2.958999999999999,1,1,'2018-07-29 18:19:26','2018-07-29 18:19:26'),(1754,3.748999999999999,12,12,'2018-07-29 18:19:26','2018-07-29 18:19:26'),(1755,2.886999999999999,1,1,'2018-07-29 18:19:26','2018-07-29 18:19:26'),(1756,3.7260000000000004,2,2,'2018-07-29 18:19:26','2018-07-29 18:19:26'),(1757,2.2529999999999997,7,7,'2018-07-29 18:19:27','2018-07-29 18:19:27'),(1758,4.3740000000000006,10,10,'2018-07-29 18:19:27','2018-07-29 18:19:27'),(1759,4.296,10,10,'2018-07-29 18:19:27','2018-07-29 18:19:27'),(1760,3.684999999999999,12,12,'2018-07-29 18:19:27','2018-07-29 18:19:27'),(1761,2.8609999999999993,1,1,'2018-07-29 18:19:28','2018-07-29 18:19:28'),(1762,2.045,4,4,'2018-07-29 18:19:28','2018-07-29 18:19:28'),(1763,2.094,7,7,'2018-07-29 18:19:28','2018-07-29 18:19:28'),(1764,4.214,10,10,'2018-07-29 18:19:28','2018-07-29 18:19:28'),(1765,2.7849999999999993,1,1,'2018-07-29 18:19:29','2018-07-29 18:19:29'),(1766,1.907,4,4,'2018-07-29 18:19:29','2018-07-29 18:19:29'),(1767,1.586,6,6,'2018-07-29 18:19:29','2018-07-29 18:19:29'),(1768,4.058000000000001,10,10,'2018-07-29 18:19:29','2018-07-29 18:19:29'),(1769,2.7159999999999993,1,1,'2018-07-29 18:19:31','2018-07-29 18:19:31'),(1770,1.522,6,6,'2018-07-29 18:19:32','2018-07-29 18:19:32'),(1771,3.607999999999999,12,12,'2018-07-29 18:19:32','2018-07-29 18:19:32'),(1772,2.6279999999999992,1,1,'2018-07-29 18:19:32','2018-07-29 18:19:32'),(1773,1.328,6,6,'2018-07-29 18:19:32','2018-07-29 18:19:32'),(1774,3.9610000000000007,10,10,'2018-07-29 18:19:32','2018-07-29 18:19:32'),(1775,3.5309999999999993,12,12,'2018-07-29 18:19:33','2018-07-29 18:19:33'),(1776,2.5349999999999993,1,1,'2018-07-29 18:19:33','2018-07-29 18:19:33'),(1777,3.6260000000000003,2,2,'2018-07-29 18:19:33','2018-07-29 18:19:33'),(1778,2.462999999999999,1,1,'2018-07-29 18:19:34','2018-07-29 18:19:34'),(1779,1.638,4,4,'2018-07-29 18:19:34','2018-07-29 18:19:34'),(1780,2.2310000000000008,5,5,'2018-07-29 18:19:34','2018-07-29 18:19:34'),(1781,1.9799999999999998,7,7,'2018-07-29 18:19:34','2018-07-29 18:19:34'),(1782,2.4019999999999992,1,1,'2018-07-29 18:19:34','2018-07-29 18:19:34'),(1783,3.353,2,2,'2018-07-29 18:19:35','2018-07-29 18:19:35'),(1784,0.014999999999999618,3,3,'2018-07-29 18:19:35','2018-07-29 18:19:35'),(1785,2.411999999999999,1,1,'2018-07-29 18:19:35','2018-07-29 18:19:35'),(1786,1.442,4,4,'2018-07-29 18:19:35','2018-07-29 18:19:35'),(1787,1.8529999999999998,7,7,'2018-07-29 18:19:36','2018-07-29 18:19:36'),(1788,1.772000000000001,9,9,'2018-07-29 18:19:36','2018-07-29 18:19:36'),(1789,1.159,6,6,'2018-07-29 18:19:36','2018-07-29 18:19:36'),(1790,3.475999999999999,12,12,'2018-07-29 18:19:36','2018-07-29 18:19:36'),(1791,2.343999999999999,1,1,'2018-07-29 18:19:37','2018-07-29 18:19:37'),(1792,0.8640000000000001,6,6,'2018-07-29 18:19:37','2018-07-29 18:19:37'),(1793,1.5649999999999997,7,7,'2018-07-29 18:19:37','2018-07-29 18:19:37'),(1794,1.4740000000000009,9,9,'2018-07-29 18:19:37','2018-07-29 18:19:37'),(1795,2.2449999999999988,1,1,'2018-07-29 18:19:37','2018-07-29 18:19:37'),(1796,1.224,4,4,'2018-07-29 18:19:38','2018-07-29 18:19:38'),(1797,0.7240000000000001,6,6,'2018-07-29 18:19:38','2018-07-29 18:19:38'),(1798,1.381000000000001,9,9,'2018-07-29 18:19:38','2018-07-29 18:19:38'),(1799,0.913,4,4,'2018-07-29 18:19:38','2018-07-29 18:19:38'),(1800,1.3129999999999997,7,7,'2018-07-29 18:19:39','2018-07-29 18:19:39'),(1801,3.399999999999999,12,12,'2018-07-29 18:19:39','2018-07-29 18:19:39'),(1802,5,10,10,'2018-07-29 18:19:51','2018-07-29 18:19:51'),(1803,2.258999999999999,1,1,'2018-07-29 18:20:26','2018-07-29 18:20:26'),(1804,3.2600000000000002,2,2,'2018-07-29 18:20:26','2018-07-29 18:20:26'),(1805,2.0150000000000006,5,5,'2018-07-29 18:20:27','2018-07-29 18:20:27'),(1806,1.0209999999999997,7,7,'2018-07-29 18:20:27','2018-07-29 18:20:27'),(1807,1.1799999999999993,8,8,'2018-07-29 18:20:27','2018-07-29 18:20:27'),(1808,2.193999999999999,1,1,'2018-07-29 18:20:46','2018-07-29 18:20:46'),(1809,3.1500000000000004,2,2,'2018-07-29 18:20:46','2018-07-29 18:20:46'),(1810,1.119,4,4,'2018-07-29 18:20:47','2018-07-29 18:20:47'),(1811,0.9329999999999997,7,7,'2018-07-29 18:20:47','2018-07-29 18:20:47'),(1812,2.119999999999999,1,1,'2018-07-29 18:20:47','2018-07-29 18:20:47'),(1813,0.6380000000000001,6,6,'2018-07-29 18:20:47','2018-07-29 18:20:47'),(1814,1.0959999999999992,8,8,'2018-07-29 18:20:48','2018-07-29 18:20:48'),(1815,4.886,10,10,'2018-07-29 18:20:48','2018-07-29 18:20:48'),(1816,2.027999999999999,1,1,'2018-07-29 18:20:48','2018-07-29 18:20:48'),(1817,1.8160000000000005,5,5,'2018-07-29 18:20:48','2018-07-29 18:20:48'),(1818,1.237000000000001,9,9,'2018-07-29 18:20:49','2018-07-29 18:20:49'),(1819,4.8180000000000005,10,10,'2018-07-29 18:20:49','2018-07-29 18:20:49'),(1820,0.6919999999999997,7,7,'2018-07-29 18:20:53','2018-07-29 18:20:53'),(1821,3.336999999999999,12,12,'2018-07-29 18:20:54','2018-07-29 18:20:54'),(1822,0.6329999999999998,7,7,'2018-07-29 18:20:54','2018-07-29 18:20:54'),(1823,1.9749999999999992,1,1,'2018-07-29 18:20:54','2018-07-29 18:20:54'),(1824,0.889,4,4,'2018-07-29 18:20:54','2018-07-29 18:20:54'),(1825,0.9500000000000011,9,9,'2018-07-29 18:20:55','2018-07-29 18:20:55'),(1826,4.7540000000000004,10,10,'2018-07-29 18:20:55','2018-07-29 18:20:55'),(1827,1.9239999999999993,1,1,'2018-07-29 18:21:17','2018-07-29 18:21:17'),(1828,0.4740000000000001,6,6,'2018-07-29 18:21:18','2018-07-29 18:21:18'),(1829,0.7010000000000011,9,9,'2018-07-29 18:21:18','2018-07-29 18:21:18'),(1830,4.577000000000001,10,10,'2018-07-29 18:21:18','2018-07-29 18:21:18'),(1831,1.8709999999999993,1,1,'2018-07-29 18:21:18','2018-07-29 18:21:18'),(1832,0.5019999999999998,7,7,'2018-07-29 18:21:18','2018-07-29 18:21:18'),(1833,0.9989999999999992,8,8,'2018-07-29 18:21:19','2018-07-29 18:21:19'),(1834,0.5820000000000011,9,9,'2018-07-29 18:21:19','2018-07-29 18:21:19'),(1835,1.7749999999999992,1,1,'2018-07-29 18:21:19','2018-07-29 18:21:19'),(1836,3.2579999999999987,12,12,'2018-07-29 18:21:19','2018-07-29 18:21:19'),(1837,1.6889999999999992,1,1,'2018-07-29 18:21:34','2018-07-29 18:21:34'),(1838,0.4190000000000001,6,6,'2018-07-29 18:21:35','2018-07-29 18:21:35'),(1839,5,3,3,'2018-07-29 18:21:50','2018-07-29 18:21:50'),(1840,5,6,6,'2018-07-29 18:21:51','2018-07-29 18:21:51'),(1841,5,7,7,'2018-07-29 18:21:51','2018-07-29 18:21:51'),(1842,5,11,11,'2018-07-29 18:21:51','2018-07-29 18:21:51'),(1843,1.6139999999999992,1,1,'2018-07-29 18:22:09','2018-07-29 18:22:09'),(1844,0.49900000000000105,9,9,'2018-07-29 18:22:10','2018-07-29 18:22:10'),(1845,4.486000000000001,10,10,'2018-07-29 18:22:10','2018-07-29 18:22:10'),(1846,4.941,11,11,'2018-07-29 18:22:10','2018-07-29 18:22:10'),(1847,3.163999999999999,12,12,'2018-07-29 18:22:10','2018-07-29 18:22:10'),(1848,1.5549999999999993,1,1,'2018-07-29 18:22:10','2018-07-29 18:22:10'),(1849,4.915,7,7,'2018-07-29 18:22:10','2018-07-29 18:22:10'),(1850,0.8209999999999993,8,8,'2018-07-29 18:22:11','2018-07-29 18:22:11'),(1851,0.24200000000000105,9,9,'2018-07-29 18:22:11','2018-07-29 18:22:11'),(1852,4.289000000000001,10,10,'2018-07-29 18:22:11','2018-07-29 18:22:11'),(1853,1.4839999999999993,1,1,'2018-07-29 18:22:11','2018-07-29 18:22:11'),(1854,4.845,6,6,'2018-07-29 18:22:12','2018-07-29 18:22:12'),(1855,3.090999999999999,12,12,'2018-07-29 18:22:12','2018-07-29 18:22:12'),(1856,4.86,3,3,'2018-07-29 18:22:26','2018-07-29 18:22:26'),(1857,4.6899999999999995,6,6,'2018-07-29 18:22:26','2018-07-29 18:22:26'),(1858,4.65,7,7,'2018-07-29 18:22:27','2018-07-29 18:22:27'),(1859,0.15400000000000105,9,9,'2018-07-29 18:22:27','2018-07-29 18:22:27'),(1860,1.3959999999999992,1,1,'2018-07-29 18:22:27','2018-07-29 18:22:27'),(1861,3.047,2,2,'2018-07-29 18:22:27','2018-07-29 18:22:27'),(1862,4.4879999999999995,6,6,'2018-07-29 18:22:27','2018-07-29 18:22:27'),(1863,4.754,11,11,'2018-07-29 18:22:28','2018-07-29 18:22:28'),(1864,3.024999999999999,12,12,'2018-07-29 18:22:28','2018-07-29 18:22:28'),(1865,4.659,11,11,'2018-07-29 18:22:37','2018-07-29 18:22:37'),(1866,1.3319999999999992,1,1,'2018-07-29 18:22:38','2018-07-29 18:22:38'),(1867,4.5920000000000005,3,3,'2018-07-29 18:22:38','2018-07-29 18:22:38'),(1868,0.658,4,4,'2018-07-29 18:22:38','2018-07-29 18:22:38'),(1869,1.6040000000000005,5,5,'2018-07-29 18:22:38','2018-07-29 18:22:38'),(1870,0.06000000000000105,9,9,'2018-07-29 18:22:38','2018-07-29 18:22:38'),(1871,1.2619999999999991,1,1,'2018-07-29 18:22:38','2018-07-29 18:22:38'),(1872,2.867,2,2,'2018-07-29 18:22:38','2018-07-29 18:22:38'),(1873,4.3740000000000006,3,3,'2018-07-29 18:22:39','2018-07-29 18:22:39'),(1874,4.43,6,6,'2018-07-29 18:22:39','2018-07-29 18:22:39'),(1875,4.418,7,7,'2018-07-29 18:22:39','2018-07-29 18:22:39'),(1876,1.2699999999999991,1,1,'2018-07-29 18:22:39','2018-07-29 18:22:39'),(1877,1.3810000000000004,5,5,'2018-07-29 18:22:39','2018-07-29 18:22:39'),(1878,4.202,6,6,'2018-07-29 18:22:40','2018-07-29 18:22:40'),(1879,0.6989999999999993,8,8,'2018-07-29 18:22:40','2018-07-29 18:22:40'),(1880,0.008000000000001055,9,9,'2018-07-29 18:22:40','2018-07-29 18:22:40'),(1881,1.209999999999999,1,1,'2018-07-29 18:22:40','2018-07-29 18:22:40'),(1882,3.949,6,6,'2018-07-29 18:22:40','2018-07-29 18:22:40'),(1883,0.6119999999999993,8,8,'2018-07-29 18:22:40','2018-07-29 18:22:40'),(1884,4.399,11,11,'2018-07-29 18:22:41','2018-07-29 18:22:41'),(1885,1.139999999999999,1,1,'2018-07-29 18:22:41','2018-07-29 18:22:41'),(1886,2.652,2,2,'2018-07-29 18:22:41','2018-07-29 18:22:41'),(1887,4.179,11,11,'2018-07-29 18:22:41','2018-07-29 18:22:41'),(1888,1.067999999999999,1,1,'2018-07-29 18:22:41','2018-07-29 18:22:41'),(1889,0.522,4,4,'2018-07-29 18:22:42','2018-07-29 18:22:42'),(1890,4.126,7,7,'2018-07-29 18:22:42','2018-07-29 18:22:42'),(1891,0.4759999999999993,8,8,'2018-07-29 18:22:42','2018-07-29 18:22:42'),(1892,4.1930000000000005,10,10,'2018-07-29 18:22:42','2018-07-29 18:22:42'),(1893,5,3,3,'2018-07-29 18:23:50','2018-07-29 18:23:50'),(1894,5,6,6,'2018-07-29 18:23:51','2018-07-29 18:23:51'),(1895,5,7,7,'2018-07-29 18:23:51','2018-07-29 18:23:51'),(1896,5,11,11,'2018-07-29 18:23:51','2018-07-29 18:23:51'),(1897,1.000999999999999,1,1,'2018-07-29 18:23:59','2018-07-29 18:23:59'),(1898,4.796,6,6,'2018-07-29 18:23:59','2018-07-29 18:23:59'),(1899,4.018000000000001,10,10,'2018-07-29 18:24:00','2018-07-29 18:24:00'),(1900,2.971999999999999,12,12,'2018-07-29 18:24:00','2018-07-29 18:24:00'),(1901,0.943999999999999,1,1,'2018-07-29 18:24:39','2018-07-29 18:24:39'),(1902,4.782,3,3,'2018-07-29 18:24:39','2018-07-29 18:24:39'),(1903,1.2200000000000004,5,5,'2018-07-29 18:24:40','2018-07-29 18:24:40'),(1904,4.867,7,7,'2018-07-29 18:24:40','2018-07-29 18:24:40'),(1905,2.912999999999999,12,12,'2018-07-29 18:24:40','2018-07-29 18:24:40'),(1906,4.539,3,3,'2018-07-29 18:24:49','2018-07-29 18:24:49'),(1907,4.804,7,7,'2018-07-29 18:24:50','2018-07-29 18:24:50'),(1908,2.8139999999999987,12,12,'2018-07-29 18:24:50','2018-07-29 18:24:50'),(1909,0.8939999999999989,1,1,'2018-07-29 18:24:50','2018-07-29 18:24:50'),(1910,4.4319999999999995,3,3,'2018-07-29 18:24:50','2018-07-29 18:24:50'),(1911,4.640000000000001,7,7,'2018-07-29 18:24:50','2018-07-29 18:24:50'),(1912,4.743,11,11,'2018-07-29 18:24:51','2018-07-29 18:24:51'),(1913,2.584,2,2,'2018-07-29 18:24:51','2018-07-29 18:24:51'),(1914,4.503,6,6,'2018-07-29 18:24:51','2018-07-29 18:24:51'),(1915,4.577,11,11,'2018-07-29 18:24:52','2018-07-29 18:24:52'),(1916,2.7489999999999988,12,12,'2018-07-29 18:24:52','2018-07-29 18:24:52'),(1917,0.8059999999999989,1,1,'2018-07-29 18:25:06','2018-07-29 18:25:06'),(1918,4.369,11,11,'2018-07-29 18:25:07','2018-07-29 18:25:07'),(1919,0.733999999999999,1,1,'2018-07-29 18:25:19','2018-07-29 18:25:19'),(1920,2.404,2,2,'2018-07-29 18:25:20','2018-07-29 18:25:20'),(1921,4.3069999999999995,3,3,'2018-07-29 18:25:20','2018-07-29 18:25:20'),(1922,4.236,6,6,'2018-07-29 18:25:20','2018-07-29 18:25:20'),(1923,4.523000000000001,7,7,'2018-07-29 18:25:20','2018-07-29 18:25:20'),(1924,0.6749999999999989,1,1,'2018-07-29 18:25:55','2018-07-29 18:25:55'),(1925,4.255000000000001,7,7,'2018-07-29 18:25:56','2018-07-29 18:25:56'),(1926,4.162,11,11,'2018-07-29 18:25:56','2018-07-29 18:25:56'),(1927,2.659999999999999,12,12,'2018-07-29 18:25:56','2018-07-29 18:25:56'),(1928,0.590999999999999,1,1,'2018-07-29 18:26:30','2018-07-29 18:26:30'),(1929,4.085999999999999,3,3,'2018-07-29 18:26:31','2018-07-29 18:26:31'),(1930,3.992,6,6,'2018-07-29 18:26:31','2018-07-29 18:26:31'),(1931,0.5329999999999989,1,1,'2018-07-29 18:27:14','2018-07-29 18:27:14'),(1932,4.004999999999999,3,3,'2018-07-29 18:27:15','2018-07-29 18:27:15'),(1933,4.198,7,7,'2018-07-29 18:27:15','2018-07-29 18:27:15'),(1934,0.3359999999999993,8,8,'2018-07-29 18:27:15','2018-07-29 18:27:15'),(1935,3.9490000000000007,10,10,'2018-07-29 18:27:15','2018-07-29 18:27:15'),(1936,0.43399999999999894,1,1,'2018-07-29 18:27:21','2018-07-29 18:27:21'),(1937,0.22200000000000003,4,4,'2018-07-29 18:27:21','2018-07-29 18:27:21'),(1938,3.866,11,11,'2018-07-29 18:27:22','2018-07-29 18:27:22'),(1939,0.343999999999999,1,1,'2018-07-29 18:27:22','2018-07-29 18:27:22'),(1940,2.179,2,2,'2018-07-29 18:27:22','2018-07-29 18:27:22'),(1941,3.745999999999999,3,3,'2018-07-29 18:27:23','2018-07-29 18:27:23'),(1942,3.738,6,6,'2018-07-29 18:27:23','2018-07-29 18:27:23'),(1943,5,1,1,'2018-07-29 18:27:50','2018-07-29 18:27:50'),(1944,3,4,4,'2018-07-29 18:27:50','2018-07-29 18:27:50'),(1945,5,8,8,'2018-07-29 18:27:51','2018-07-29 18:27:51'),(1946,5,9,9,'2018-07-29 18:27:51','2018-07-29 18:27:51'),(1947,4.901,1,1,'2018-07-29 18:28:21','2018-07-29 18:28:21'),(1948,3.458999999999999,3,3,'2018-07-29 18:28:22','2018-07-29 18:28:22'),(1949,3.9620000000000006,7,7,'2018-07-29 18:28:22','2018-07-29 18:28:22'),(1950,4.776,9,9,'2018-07-29 18:28:22','2018-07-29 18:28:22'),(1951,3.775,11,11,'2018-07-29 18:28:22','2018-07-29 18:28:22'),(1952,4.814,1,1,'2018-07-29 18:28:24','2018-07-29 18:28:24'),(1953,3.353999999999999,3,3,'2018-07-29 18:28:25','2018-07-29 18:28:25'),(1954,1.9929999999999999,2,2,'2018-07-29 18:28:25','2018-07-29 18:28:25'),(1955,4.566,9,9,'2018-07-29 18:28:25','2018-07-29 18:28:25'),(1956,3.8700000000000006,10,10,'2018-07-29 18:28:25','2018-07-29 18:28:25'),(1957,4.747,1,1,'2018-07-29 18:28:25','2018-07-29 18:28:25'),(1958,1.916,2,2,'2018-07-29 18:28:25','2018-07-29 18:28:25'),(1959,3.104999999999999,3,3,'2018-07-29 18:28:25','2018-07-29 18:28:25'),(1960,3.7970000000000006,7,7,'2018-07-29 18:28:26','2018-07-29 18:28:26'),(1961,2.6049999999999986,12,12,'2018-07-29 18:28:26','2018-07-29 18:28:26'),(1962,3.528,6,6,'2018-07-29 18:28:28','2018-07-29 18:28:28'),(1963,2.5049999999999986,12,12,'2018-07-29 18:28:29','2018-07-29 18:28:29'),(1964,4.659,1,1,'2018-07-29 18:28:29','2018-07-29 18:28:29'),(1965,1.8639999999999999,2,2,'2018-07-29 18:28:29','2018-07-29 18:28:29'),(1966,3.417,6,6,'2018-07-29 18:28:29','2018-07-29 18:28:29'),(1967,3.6510000000000007,7,7,'2018-07-29 18:28:29','2018-07-29 18:28:29'),(1968,4.418,9,9,'2018-07-29 18:28:29','2018-07-29 18:28:29'),(1969,4.608,1,1,'2018-07-29 18:28:30','2018-07-29 18:28:30'),(1970,1.8019999999999998,2,2,'2018-07-29 18:28:30','2018-07-29 18:28:30'),(1971,2.992999999999999,3,3,'2018-07-29 18:28:30','2018-07-29 18:28:30'),(1972,3.242,6,6,'2018-07-29 18:28:30','2018-07-29 18:28:30'),(1973,4.234,9,9,'2018-07-29 18:28:30','2018-07-29 18:28:30'),(1974,4.547,1,1,'2018-07-29 18:28:31','2018-07-29 18:28:31'),(1975,2.876999999999999,3,3,'2018-07-29 18:28:31','2018-07-29 18:28:31'),(1976,2.7560000000000002,4,4,'2018-07-29 18:28:31','2018-07-29 18:28:31'),(1977,3.068,6,6,'2018-07-29 18:28:31','2018-07-29 18:28:31'),(1978,3.589,11,11,'2018-07-29 18:28:31','2018-07-29 18:28:31'),(1979,4.478,1,1,'2018-07-29 18:28:36','2018-07-29 18:28:36'),(1980,1.6269999999999998,2,2,'2018-07-29 18:28:37','2018-07-29 18:28:37'),(1981,2.5930000000000004,4,4,'2018-07-29 18:28:37','2018-07-29 18:28:37'),(1982,1.0510000000000004,5,5,'2018-07-29 18:28:37','2018-07-29 18:28:37'),(1983,3.944,9,9,'2018-07-29 18:28:37','2018-07-29 18:28:37'),(1984,4.409,1,1,'2018-07-29 18:28:37','2018-07-29 18:28:37'),(1985,0.9430000000000004,5,5,'2018-07-29 18:28:38','2018-07-29 18:28:38'),(1986,3.6970000000000005,10,10,'2018-07-29 18:28:38','2018-07-29 18:28:38'),(1987,2.4049999999999985,12,12,'2018-07-29 18:28:38','2018-07-29 18:28:38'),(1988,4.35,1,1,'2018-07-29 18:29:08','2018-07-29 18:29:08'),(1989,2.601999999999999,3,3,'2018-07-29 18:29:09','2018-07-29 18:29:09'),(1990,3.3970000000000007,7,7,'2018-07-29 18:29:09','2018-07-29 18:29:09'),(1991,3.463,11,11,'2018-07-29 18:29:09','2018-07-29 18:29:09'),(1992,1.388,2,2,'2018-07-29 18:29:09','2018-07-29 18:29:09'),(1993,3.0180000000000002,6,6,'2018-07-29 18:29:09','2018-07-29 18:29:09'),(1994,4.875,8,8,'2018-07-29 18:29:09','2018-07-29 18:29:09'),(1995,3.378,11,11,'2018-07-29 18:29:09','2018-07-29 18:29:09'),(1996,4.286,1,1,'2018-07-29 18:29:10','2018-07-29 18:29:10'),(1997,1.3099999999999998,2,2,'2018-07-29 18:29:10','2018-07-29 18:29:10'),(1998,2.797,6,6,'2018-07-29 18:29:10','2018-07-29 18:29:10'),(1999,3.375,11,11,'2018-07-29 18:29:10','2018-07-29 18:29:10'),(2000,2.3479999999999985,12,12,'2018-07-29 18:29:10','2018-07-29 18:29:10'),(2001,4.215,1,1,'2018-07-29 18:29:11','2018-07-29 18:29:11'),(2002,3.1270000000000007,7,7,'2018-07-29 18:29:11','2018-07-29 18:29:11'),(2003,4.767,8,8,'2018-07-29 18:29:11','2018-07-29 18:29:11'),(2004,3.871,9,9,'2018-07-29 18:29:11','2018-07-29 18:29:11'),(2005,4.145,1,1,'2018-07-29 18:29:11','2018-07-29 18:29:11'),(2006,1.2109999999999999,2,2,'2018-07-29 18:29:12','2018-07-29 18:29:12'),(2007,2.3360000000000003,4,4,'2018-07-29 18:29:12','2018-07-29 18:29:12'),(2008,2.944000000000001,7,7,'2018-07-29 18:29:12','2018-07-29 18:29:12'),(2009,3.647,9,9,'2018-07-29 18:29:12','2018-07-29 18:29:12'),(2010,4.0889999999999995,1,1,'2018-07-29 18:29:12','2018-07-29 18:29:12'),(2011,4.668,8,8,'2018-07-29 18:29:12','2018-07-29 18:29:12'),(2012,3.165,11,11,'2018-07-29 18:29:13','2018-07-29 18:29:13'),(2013,2.422999999999999,3,3,'2018-07-29 18:29:13','2018-07-29 18:29:13'),(2014,2.2789999999999986,12,12,'2018-07-29 18:29:13','2018-07-29 18:29:13'),(2015,5,1,1,'2018-07-29 18:29:50','2018-07-29 18:29:50'),(2016,3,4,4,'2018-07-29 18:29:50','2018-07-29 18:29:50'),(2017,5,8,8,'2018-07-29 18:29:51','2018-07-29 18:29:51'),(2018,5,9,9,'2018-07-29 18:29:51','2018-07-29 18:29:51'),(2019,4.906,1,1,'2018-07-29 18:30:15','2018-07-29 18:30:15'),(2020,2.1869999999999994,3,3,'2018-07-29 18:30:16','2018-07-29 18:30:16'),(2021,2.843,4,4,'2018-07-29 18:30:16','2018-07-29 18:30:16'),(2022,2.817000000000001,7,7,'2018-07-29 18:30:16','2018-07-29 18:30:16'),(2023,4.904,9,9,'2018-07-29 18:30:16','2018-07-29 18:30:16'),(2024,4.835,1,1,'2018-07-29 18:30:16','2018-07-29 18:30:16'),(2025,1.1489999999999998,2,2,'2018-07-29 18:30:16','2018-07-29 18:30:16'),(2026,2.0329999999999995,3,3,'2018-07-29 18:30:16','2018-07-29 18:30:16'),(2027,4.766,1,1,'2018-07-29 18:31:11','2018-07-29 18:31:11'),(2028,2.1069999999999993,3,3,'2018-07-29 18:31:12','2018-07-29 18:31:12'),(2029,2.778,4,4,'2018-07-29 18:31:12','2018-07-29 18:31:12'),(2030,2.6580000000000004,6,6,'2018-07-29 18:31:12','2018-07-29 18:31:12'),(2031,2.739000000000001,7,7,'2018-07-29 18:31:12','2018-07-29 18:31:12'),(2032,4.695,1,1,'2018-07-29 18:31:12','2018-07-29 18:31:12'),(2033,3.031,11,11,'2018-07-29 18:31:12','2018-07-29 18:31:12'),(2034,2.1839999999999984,12,12,'2018-07-29 18:31:13','2018-07-29 18:31:13'),(2035,4.613,1,1,'2018-07-29 18:31:13','2018-07-29 18:31:13'),(2036,1.8179999999999994,3,3,'2018-07-29 18:31:13','2018-07-29 18:31:13'),(2037,4.671,9,9,'2018-07-29 18:31:13','2018-07-29 18:31:13'),(2038,3.5250000000000004,10,10,'2018-07-29 18:31:13','2018-07-29 18:31:13'),(2039,2.7680000000000002,11,11,'2018-07-29 18:31:13','2018-07-29 18:31:13'),(2040,2.6300000000000012,7,7,'2018-07-29 18:31:14','2018-07-29 18:31:14'),(2041,4.771,8,8,'2018-07-29 18:31:14','2018-07-29 18:31:14'),(2042,3.3980000000000006,10,10,'2018-07-29 18:31:14','2018-07-29 18:31:14'),(2043,2.1059999999999985,12,12,'2018-07-29 18:31:14','2018-07-29 18:31:14'),(2044,0.9489999999999998,2,2,'2018-07-29 18:31:14','2018-07-29 18:31:14'),(2045,2.713,4,4,'2018-07-29 18:31:15','2018-07-29 18:31:15'),(2046,2.4270000000000005,6,6,'2018-07-29 18:31:15','2018-07-29 18:31:15'),(2047,2.539000000000001,7,7,'2018-07-29 18:31:15','2018-07-29 18:31:15'),(2048,3.3460000000000005,10,10,'2018-07-29 18:31:15','2018-07-29 18:31:15'),(2049,4.557,1,1,'2018-07-29 18:31:15','2018-07-29 18:31:15'),(2050,1.6849999999999994,3,3,'2018-07-29 18:31:15','2018-07-29 18:31:15'),(2051,2.428000000000001,7,7,'2018-07-29 18:31:16','2018-07-29 18:31:16'),(2052,3.1490000000000005,10,10,'2018-07-29 18:31:16','2018-07-29 18:31:16'),(2053,2.6500000000000004,11,11,'2018-07-29 18:31:16','2018-07-29 18:31:16'),(2054,0.8699999999999999,2,2,'2018-07-29 18:31:16','2018-07-29 18:31:16'),(2055,0.6630000000000004,5,5,'2018-07-29 18:31:17','2018-07-29 18:31:17'),(2056,4.62,8,8,'2018-07-29 18:31:17','2018-07-29 18:31:17'),(2057,3.0060000000000007,10,10,'2018-07-29 18:31:17','2018-07-29 18:31:17'),(2058,4.498,1,1,'2018-07-29 18:31:17','2018-07-29 18:31:17'),(2059,2.431,4,4,'2018-07-29 18:31:17','2018-07-29 18:31:17'),(2060,0.5920000000000004,5,5,'2018-07-29 18:31:17','2018-07-29 18:31:17'),(2061,2.1700000000000004,6,6,'2018-07-29 18:31:17','2018-07-29 18:31:17'),(2062,2.2160000000000006,7,7,'2018-07-29 18:31:18','2018-07-29 18:31:18'),(2063,4.424,1,1,'2018-07-29 18:31:18','2018-07-29 18:31:18'),(2064,1.5219999999999994,3,3,'2018-07-29 18:31:18','2018-07-29 18:31:18'),(2065,2.339,4,4,'2018-07-29 18:31:18','2018-07-29 18:31:18'),(2066,0.3500000000000004,5,5,'2018-07-29 18:31:18','2018-07-29 18:31:18'),(2067,1.9800000000000004,6,6,'2018-07-29 18:31:18','2018-07-29 18:31:18'),(2068,5,5,5,'2018-07-29 18:31:50','2018-07-29 18:31:50'),(2069,4.373,1,1,'2018-07-29 18:32:41','2018-07-29 18:32:41'),(2070,0.7619999999999999,2,2,'2018-07-29 18:32:42','2018-07-29 18:32:42'),(2071,2.1530000000000005,7,7,'2018-07-29 18:32:42','2018-07-29 18:32:42'),(2072,4.5,8,8,'2018-07-29 18:32:42','2018-07-29 18:32:42'),(2073,2.9530000000000007,10,10,'2018-07-29 18:32:42','2018-07-29 18:32:42'),(2074,1.2299999999999993,3,3,'2018-07-29 18:32:46','2018-07-29 18:32:46'),(2075,1.9950000000000006,7,7,'2018-07-29 18:32:47','2018-07-29 18:32:47'),(2076,4.4350000000000005,9,9,'2018-07-29 18:32:47','2018-07-29 18:32:47'),(2077,2.8500000000000005,10,10,'2018-07-29 18:32:47','2018-07-29 18:32:47'),(2078,2.3900000000000006,11,11,'2018-07-29 18:32:47','2018-07-29 18:32:47'),(2079,4.281000000000001,1,1,'2018-07-29 18:32:47','2018-07-29 18:32:47'),(2080,0.7009999999999998,2,2,'2018-07-29 18:32:47','2018-07-29 18:32:47'),(2081,1.1279999999999992,3,3,'2018-07-29 18:32:48','2018-07-29 18:32:48'),(2082,2.256,4,4,'2018-07-29 18:32:48','2018-07-29 18:32:48'),(2083,1.6840000000000004,6,6,'2018-07-29 18:32:48','2018-07-29 18:32:48'),(2084,5,5,5,'2018-07-29 18:33:50','2018-07-29 18:33:50'),(2085,4.218000000000001,1,1,'2018-07-29 18:33:54','2018-07-29 18:33:54'),(2086,2.0259999999999985,12,12,'2018-07-29 18:33:55','2018-07-29 18:33:55'),(2087,4.122000000000001,1,1,'2018-07-29 18:33:55','2018-07-29 18:33:55'),(2088,0.8929999999999992,3,3,'2018-07-29 18:33:55','2018-07-29 18:33:55'),(2089,1.4680000000000004,6,6,'2018-07-29 18:33:55','2018-07-29 18:33:55'),(2090,2.7180000000000004,10,10,'2018-07-29 18:33:55','2018-07-29 18:33:55'),(2091,1.9629999999999985,12,12,'2018-07-29 18:33:55','2018-07-29 18:33:55'),(2092,4.0280000000000005,1,1,'2018-07-29 18:33:56','2018-07-29 18:33:56'),(2093,0.6449999999999998,2,2,'2018-07-29 18:33:56','2018-07-29 18:33:56'),(2094,1.9979999999999998,4,4,'2018-07-29 18:33:56','2018-07-29 18:33:56'),(2095,1.8330000000000006,7,7,'2018-07-29 18:33:56','2018-07-29 18:33:56'),(2096,2.591,10,10,'2018-07-29 18:33:56','2018-07-29 18:33:56'),(2097,3.9440000000000004,1,1,'2018-07-29 18:33:57','2018-07-29 18:33:57'),(2098,0.5839999999999999,2,2,'2018-07-29 18:33:57','2018-07-29 18:33:57'),(2099,0.7369999999999992,3,3,'2018-07-29 18:33:57','2018-07-29 18:33:57'),(2100,1.2500000000000004,6,6,'2018-07-29 18:33:57','2018-07-29 18:33:57'),(2101,1.6990000000000007,7,7,'2018-07-29 18:33:57','2018-07-29 18:33:57'),(2102,3.8840000000000003,1,1,'2018-07-29 18:34:49','2018-07-29 18:34:49'),(2103,0.4399999999999992,3,3,'2018-07-29 18:34:50','2018-07-29 18:34:50'),(2104,1.0520000000000005,6,6,'2018-07-29 18:34:50','2018-07-29 18:34:50'),(2105,1.4220000000000006,7,7,'2018-07-29 18:34:50','2018-07-29 18:34:50'),(2106,2.391,10,10,'2018-07-29 18:34:50','2018-07-29 18:34:50'),(2107,3.7940000000000005,1,1,'2018-07-29 18:34:50','2018-07-29 18:34:50'),(2108,0.8080000000000005,6,6,'2018-07-29 18:34:50','2018-07-29 18:34:50'),(2109,1.2130000000000005,7,7,'2018-07-29 18:34:50','2018-07-29 18:34:50'),(2110,4.199000000000001,9,9,'2018-07-29 18:34:51','2018-07-29 18:34:51'),(2111,1.9539999999999984,12,12,'2018-07-29 18:34:51','2018-07-29 18:34:51'),(2112,3.7390000000000003,1,1,'2018-07-29 18:34:51','2018-07-29 18:34:51'),(2113,0.32199999999999984,2,2,'2018-07-29 18:34:51','2018-07-29 18:34:51'),(2114,0.1699999999999992,3,3,'2018-07-29 18:34:52','2018-07-29 18:34:52'),(2115,1.6829999999999998,4,4,'2018-07-29 18:34:52','2018-07-29 18:34:52'),(2116,0.6130000000000004,6,6,'2018-07-29 18:34:52','2018-07-29 18:34:52'),(2117,3.6630000000000003,1,1,'2018-07-29 18:34:52','2018-07-29 18:34:52'),(2118,4.325,8,8,'2018-07-29 18:34:52','2018-07-29 18:34:52'),(2119,2.235,10,10,'2018-07-29 18:34:52','2018-07-29 18:34:52'),(2120,2.2010000000000005,11,11,'2018-07-29 18:34:52','2018-07-29 18:34:52'),(2121,3.587,1,1,'2018-07-29 18:34:53','2018-07-29 18:34:53'),(2122,0.1049999999999992,3,3,'2018-07-29 18:34:53','2018-07-29 18:34:53'),(2123,0.4630000000000004,6,6,'2018-07-29 18:34:53','2018-07-29 18:34:53'),(2124,2.1310000000000007,11,11,'2018-07-29 18:34:53','2018-07-29 18:34:53'),(2125,5,2,2,'2018-07-29 18:37:50','2018-07-29 18:37:50'),(2126,5,6,6,'2018-07-29 18:37:50','2018-07-29 18:37:50'),(2127,5,3,3,'2018-07-29 18:37:51','2018-07-29 18:37:51'),(2128,3.498,1,1,'2018-07-29 18:38:51','2018-07-29 18:38:51'),(2129,1.8650000000000007,11,11,'2018-07-29 18:38:52','2018-07-29 18:38:52'),(2130,2.0909999999999997,10,10,'2018-07-29 18:38:52','2018-07-29 18:38:52'),(2131,4.838,6,6,'2018-07-29 18:38:52','2018-07-29 18:38:52'),(2132,3.4170000000000003,1,1,'2018-07-29 18:38:52','2018-07-29 18:38:52'),(2133,4.709,3,3,'2018-07-29 18:38:52','2018-07-29 18:38:52'),(2134,1.7180000000000006,11,11,'2018-07-29 18:38:52','2018-07-29 18:38:52'),(2135,1.8759999999999983,12,12,'2018-07-29 18:38:53','2018-07-29 18:38:53'),(2136,1.1440000000000006,7,7,'2018-07-29 18:38:53','2018-07-29 18:38:53'),(2137,3.345,1,1,'2018-07-29 18:38:53','2018-07-29 18:38:53'),(2138,1.529,4,4,'2018-07-29 18:38:53','2018-07-29 18:38:53'),(2139,4.047000000000001,9,9,'2018-07-29 18:38:54','2018-07-29 18:38:54'),(2140,1.8939999999999997,10,10,'2018-07-29 18:38:54','2018-07-29 18:38:54'),(2141,1.6300000000000006,11,11,'2018-07-29 18:38:54','2018-07-29 18:38:54'),(2142,4.824,2,2,'2018-07-29 18:38:54','2018-07-29 18:38:54'),(2143,1.3739999999999999,4,4,'2018-07-29 18:38:54','2018-07-29 18:38:54'),(2144,1.4040000000000006,11,11,'2018-07-29 18:38:54','2018-07-29 18:38:54'),(2145,4.412999999999999,3,3,'2018-07-29 18:39:09','2018-07-29 18:39:09'),(2146,1.0499999999999998,4,4,'2018-07-29 18:39:10','2018-07-29 18:39:10'),(2147,3.8340000000000005,9,9,'2018-07-29 18:39:10','2018-07-29 18:39:10'),(2148,1.8119999999999983,12,12,'2018-07-29 18:39:10','2018-07-29 18:39:10'),(2149,4.751,6,6,'2018-07-29 18:39:10','2018-07-29 18:39:10'),(2150,3.289,1,1,'2018-07-29 18:39:10','2018-07-29 18:39:10'),(2151,4.355999999999999,3,3,'2018-07-29 18:39:10','2018-07-29 18:39:10'),(2152,3.6570000000000005,9,9,'2018-07-29 18:39:10','2018-07-29 18:39:10'),(2153,1.3740000000000006,11,11,'2018-07-29 18:39:11','2018-07-29 18:39:11'),(2154,1.7309999999999983,12,12,'2018-07-29 18:39:11','2018-07-29 18:39:11'),(2155,3.2,1,1,'2018-07-29 18:39:11','2018-07-29 18:39:11'),(2156,4.643,2,2,'2018-07-29 18:39:11','2018-07-29 18:39:11'),(2157,4.268999999999999,3,3,'2018-07-29 18:39:11','2018-07-29 18:39:11'),(2158,3.6350000000000007,9,9,'2018-07-29 18:39:12','2018-07-29 18:39:12'),(2159,1.6529999999999982,12,12,'2018-07-29 18:39:12','2018-07-29 18:39:12'),(2160,0.7249999999999999,4,4,'2018-07-29 18:39:12','2018-07-29 18:39:12'),(2161,1.1340000000000006,11,11,'2018-07-29 18:39:12','2018-07-29 18:39:12'),(2162,1.5759999999999983,12,12,'2018-07-29 18:39:12','2018-07-29 18:39:12'),(2163,4.943,5,5,'2018-07-29 18:39:12','2018-07-29 18:39:12'),(2164,3.129,1,1,'2018-07-29 18:39:13','2018-07-29 18:39:13'),(2165,4.139999999999999,3,3,'2018-07-29 18:39:13','2018-07-29 18:39:13'),(2166,3.3770000000000007,9,9,'2018-07-29 18:39:13','2018-07-29 18:39:13'),(2167,0.9730000000000005,11,11,'2018-07-29 18:39:13','2018-07-29 18:39:13'),(2168,1.5089999999999983,12,12,'2018-07-29 18:39:13','2018-07-29 18:39:13'),(2169,3.06,1,1,'2018-07-29 18:39:14','2018-07-29 18:39:14'),(2170,0.7680000000000006,11,11,'2018-07-29 18:39:14','2018-07-29 18:39:14'),(2171,1.4159999999999984,12,12,'2018-07-29 18:39:14','2018-07-29 18:39:14'),(2172,4.519,6,6,'2018-07-29 18:39:14','2018-07-29 18:39:14'),(2173,1.0130000000000006,7,7,'2018-07-29 18:39:14','2018-07-29 18:39:14'),(2174,2.985,1,1,'2018-07-29 18:39:15','2018-07-29 18:39:15'),(2175,3.2400000000000007,9,9,'2018-07-29 18:39:15','2018-07-29 18:39:15'),(2176,1.8169999999999997,10,10,'2018-07-29 18:39:15','2018-07-29 18:39:15'),(2177,0.7060000000000006,11,11,'2018-07-29 18:39:15','2018-07-29 18:39:15'),(2178,1.3219999999999983,12,12,'2018-07-29 18:39:15','2018-07-29 18:39:15'),(2179,2.9,1,1,'2018-07-29 18:39:15','2018-07-29 18:39:15'),(2180,0.40900000000000064,11,11,'2018-07-29 18:39:16','2018-07-29 18:39:16'),(2181,1.2329999999999983,12,12,'2018-07-29 18:39:16','2018-07-29 18:39:16'),(2182,2.8939999999999997,1,1,'2018-07-29 18:39:16','2018-07-29 18:39:16'),(2183,3.993999999999999,3,3,'2018-07-29 18:39:16','2018-07-29 18:39:16'),(2184,0.34200000000000064,11,11,'2018-07-29 18:39:16','2018-07-29 18:39:16'),(2185,1.1559999999999984,12,12,'2018-07-29 18:39:16','2018-07-29 18:39:16'),(2186,0.9550000000000005,7,7,'2018-07-29 18:39:17','2018-07-29 18:39:17'),(2187,2.8049999999999997,1,1,'2018-07-29 18:39:17','2018-07-29 18:39:17'),(2188,3.735999999999999,3,3,'2018-07-29 18:39:17','2018-07-29 18:39:17'),(2189,1.7359999999999998,10,10,'2018-07-29 18:39:17','2018-07-29 18:39:17'),(2190,0.17800000000000063,11,11,'2018-07-29 18:39:18','2018-07-29 18:39:18'),(2191,1.0919999999999983,12,12,'2018-07-29 18:39:18','2018-07-29 18:39:18'),(2192,3.6849999999999987,3,3,'2018-07-29 18:39:18','2018-07-29 18:39:18'),(2193,1.0179999999999982,12,12,'2018-07-29 18:39:18','2018-07-29 18:39:18'),(2194,4.29,6,6,'2018-07-29 18:39:18','2018-07-29 18:39:18'),(2195,2.7499999999999996,1,1,'2018-07-29 18:39:18','2018-07-29 18:39:18'),(2196,3.606999999999999,3,3,'2018-07-29 18:39:19','2018-07-29 18:39:19'),(2197,3.1410000000000005,9,9,'2018-07-29 18:39:19','2018-07-29 18:39:19'),(2198,1.5359999999999998,10,10,'2018-07-29 18:39:19','2018-07-29 18:39:19'),(2199,4.203,6,6,'2018-07-29 18:39:19','2018-07-29 18:39:19'),(2200,3.456999999999999,3,3,'2018-07-29 18:39:19','2018-07-29 18:39:19'),(2201,1.3559999999999999,10,10,'2018-07-29 18:39:20','2018-07-29 18:39:20'),(2202,0.024000000000000632,11,11,'2018-07-29 18:39:20','2018-07-29 18:39:20'),(2203,4.071,8,8,'2018-07-29 18:39:20','2018-07-29 18:39:20'),(2204,1.291,10,10,'2018-07-29 18:39:20','2018-07-29 18:39:20'),(2205,1.0269999999999984,12,12,'2018-07-29 18:39:21','2018-07-29 18:39:21'),(2206,4.0440000000000005,6,6,'2018-07-29 18:39:21','2018-07-29 18:39:21'),(2207,0.7050000000000005,7,7,'2018-07-29 18:39:21','2018-07-29 18:39:21'),(2208,3.179999999999999,3,3,'2018-07-29 18:39:21','2018-07-29 18:39:21'),(2209,0.40499999999999986,4,4,'2018-07-29 18:39:21','2018-07-29 18:39:21'),(2210,1.1159999999999999,10,10,'2018-07-29 18:39:21','2018-07-29 18:39:21'),(2211,0.9589999999999983,12,12,'2018-07-29 18:39:22','2018-07-29 18:39:22'),(2212,2.6609999999999996,1,1,'2018-07-29 18:39:22','2018-07-29 18:39:22'),(2213,4.529999999999999,2,2,'2018-07-29 18:39:22','2018-07-29 18:39:22'),(2214,0.9429999999999998,10,10,'2018-07-29 18:39:22','2018-07-29 18:39:22'),(2215,0.8959999999999984,12,12,'2018-07-29 18:39:23','2018-07-29 18:39:23'),(2216,5,2,2,'2018-07-29 18:39:50','2018-07-29 18:39:50'),(2217,5,3,3,'2018-07-29 18:39:51','2018-07-29 18:39:51'),(2218,5,6,6,'2018-07-29 18:39:51','2018-07-29 18:39:51'),(2219,3.0870000000000006,9,9,'2018-07-29 18:40:35','2018-07-29 18:40:35'),(2220,0.8119999999999984,12,12,'2018-07-29 18:40:36','2018-07-29 18:40:36'),(2221,4.795,5,5,'2018-07-29 18:40:36','2018-07-29 18:40:36'),(2222,3.8539999999999996,8,8,'2018-07-29 18:40:36','2018-07-29 18:40:36'),(2223,2.5679999999999996,1,1,'2018-07-29 18:40:36','2018-07-29 18:40:36'),(2224,4.83,2,2,'2018-07-29 18:40:37','2018-07-29 18:40:37'),(2225,4.774,3,3,'2018-07-29 18:40:37','2018-07-29 18:40:37'),(2226,0.2969999999999999,4,4,'2018-07-29 18:40:37','2018-07-29 18:40:37'),(2227,0.7909999999999998,10,10,'2018-07-29 18:40:37','2018-07-29 18:40:37'),(2228,3,4,4,'2018-07-29 18:42:05','2018-07-29 18:42:05'),(2229,5,7,7,'2018-07-29 18:42:05','2018-07-29 18:42:05'),(2230,5,10,10,'2018-07-29 18:42:05','2018-07-29 18:42:05'),(2231,5,11,11,'2018-07-29 18:42:06','2018-07-29 18:42:06'),(2232,5,12,12,'2018-07-29 18:42:06','2018-07-29 18:42:06'),(2233,3,4,4,'2018-07-29 18:42:56','2018-07-29 18:42:56'),(2234,5,7,7,'2018-07-29 18:42:57','2018-07-29 18:42:57'),(2235,5,10,10,'2018-07-29 18:42:57','2018-07-29 18:42:57'),(2236,5,11,11,'2018-07-29 18:42:57','2018-07-29 18:42:57'),(2237,5,12,12,'2018-07-29 18:42:58','2018-07-29 18:42:58'),(2238,3,4,4,'2018-07-29 18:44:56','2018-07-29 18:44:56'),(2239,5,7,7,'2018-07-29 18:44:57','2018-07-29 18:44:57'),(2240,5,10,10,'2018-07-29 18:44:57','2018-07-29 18:44:57'),(2241,5,11,11,'2018-07-29 18:44:57','2018-07-29 18:44:57'),(2242,5,12,12,'2018-07-29 18:44:57','2018-07-29 18:44:57'),(2243,4.872,6,6,'2018-07-29 19:07:16','2018-07-29 19:07:16'),(2244,4.776,7,7,'2018-07-29 19:07:17','2018-07-29 19:07:17'),(2245,3.6939999999999995,8,8,'2018-07-29 19:07:17','2018-07-29 19:07:17'),(2246,4.888,10,10,'2018-07-29 19:07:17','2018-07-29 19:07:17'),(2247,4.935,11,11,'2018-07-29 19:07:17','2018-07-29 19:07:17'),(2248,4.535,3,3,'2018-07-29 19:18:05','2018-07-29 19:18:05'),(2249,2.793,4,4,'2018-07-29 19:18:06','2018-07-29 19:18:06'),(2250,2.8870000000000005,9,9,'2018-07-29 19:18:06','2018-07-29 19:18:06'),(2251,4.718,11,11,'2018-07-29 19:18:06','2018-07-29 19:18:06'),(2252,4.9,12,12,'2018-07-29 19:18:06','2018-07-29 19:18:06'),(2253,2.4779999999999998,1,1,'2018-07-29 19:18:06','2018-07-29 19:18:06'),(2254,4.588,2,2,'2018-07-29 19:18:07','2018-07-29 19:18:07'),(2255,4.247,3,3,'2018-07-29 19:18:07','2018-07-29 19:18:07'),(2256,4.748,6,6,'2018-07-29 19:18:07','2018-07-29 19:18:07'),(2257,2.8100000000000005,9,9,'2018-07-29 19:18:07','2018-07-29 19:18:07'),(2258,4.482,6,6,'2018-07-29 19:20:17','2018-07-29 19:20:17'),(2259,4.522,2,2,'2018-07-29 19:20:17','2018-07-29 19:20:17'),(2260,4.04,3,3,'2018-07-29 19:20:17','2018-07-29 19:20:17'),(2261,4.758,10,10,'2018-07-29 19:20:17','2018-07-29 19:20:17'),(2262,4.828,12,12,'2018-07-29 19:20:18','2018-07-29 19:20:18'),(2263,4.434,2,2,'2018-07-29 19:24:06','2018-07-29 19:24:06'),(2264,2.381,1,1,'2018-07-29 19:24:06','2018-07-29 19:24:06'),(2265,3.826,3,3,'2018-07-29 19:24:06','2018-07-29 19:24:06'),(2266,2.6520000000000006,9,9,'2018-07-29 19:24:06','2018-07-29 19:24:06'),(2267,4.665,10,10,'2018-07-29 19:24:07','2018-07-29 19:24:07'),(2268,2.2939999999999996,1,1,'2018-07-29 19:24:07','2018-07-29 19:24:07'),(2269,4.669,7,7,'2018-07-29 19:24:07','2018-07-29 19:24:07'),(2270,4.585,11,11,'2018-07-29 19:24:07','2018-07-29 19:24:07'),(2271,4.764,12,12,'2018-07-29 19:24:07','2018-07-29 19:24:07'),(2272,2.2279999999999998,1,1,'2018-07-29 19:24:08','2018-07-29 19:24:08'),(2273,3.569,3,3,'2018-07-29 19:24:08','2018-07-29 19:24:08'),(2274,2.476,4,4,'2018-07-29 19:24:08','2018-07-29 19:24:08'),(2275,4.276,6,6,'2018-07-29 19:24:08','2018-07-29 19:24:08'),(2276,3.4819999999999993,8,8,'2018-07-29 19:24:09','2018-07-29 19:24:09'),(2277,4.497,5,5,'2018-07-29 19:30:05','2018-07-29 19:30:05'),(2278,4.51,7,7,'2018-07-29 19:30:05','2018-07-29 19:30:05'),(2279,3.453,3,3,'2018-07-29 19:30:06','2018-07-29 19:30:06'),(2280,2.23,4,4,'2018-07-29 19:30:06','2018-07-29 19:30:06'),(2281,4.234999999999999,5,5,'2018-07-29 19:30:06','2018-07-29 19:30:06'),(2282,4.059,6,6,'2018-07-29 19:30:06','2018-07-29 19:30:06'),(2283,4.212,2,2,'2018-07-29 19:30:06','2018-07-29 19:30:06'),(2284,3.323,3,3,'2018-07-29 19:30:06','2018-07-29 19:30:06'),(2285,1.9729999999999999,4,4,'2018-07-29 19:30:07','2018-07-29 19:30:07'),(2286,4.319,7,7,'2018-07-29 19:33:16','2018-07-29 19:33:16'),(2287,2.4970000000000008,9,9,'2018-07-29 19:33:17','2018-07-29 19:33:17'),(2288,4.286,11,11,'2018-07-29 19:33:17','2018-07-29 19:33:17'),(2289,2.1399999999999997,1,1,'2018-07-29 19:33:17','2018-07-29 19:33:17'),(2290,3.985,2,2,'2018-07-29 19:33:17','2018-07-29 19:33:17'),(2291,3.7840000000000003,6,6,'2018-07-29 19:36:06','2018-07-29 19:36:06'),(2292,4.489,10,10,'2018-07-29 19:36:06','2018-07-29 19:36:06'),(2293,4.167,11,11,'2018-07-29 19:36:06','2018-07-29 19:36:06'),(2294,2.0849999999999995,1,1,'2018-07-29 19:36:06','2018-07-29 19:36:06'),(2295,1.7009999999999998,4,4,'2018-07-29 19:36:06','2018-07-29 19:36:06'),(2296,4.427,10,10,'2018-07-29 19:36:07','2018-07-29 19:36:07'),(2297,4.1129999999999995,11,11,'2018-07-29 19:36:07','2018-07-29 19:36:07'),(2298,4.713,12,12,'2018-07-29 19:36:07','2018-07-29 19:36:07'),(2299,4.18,5,5,'2018-07-29 19:36:07','2018-07-29 19:36:07'),(2300,4.146,7,7,'2018-07-29 19:36:08','2018-07-29 19:36:08'),(2301,3.9999999999999996,11,11,'2018-07-29 19:36:08','2018-07-29 19:36:08'),(2302,3.292,3,3,'2018-07-29 19:36:08','2018-07-29 19:36:08'),(2303,4.007,7,7,'2018-07-29 19:36:09','2018-07-29 19:36:09'),(2304,3.1819999999999995,8,8,'2018-07-29 19:36:09','2018-07-29 19:36:09'),(2305,2.3860000000000006,9,9,'2018-07-29 19:36:09','2018-07-29 19:36:09'),(2306,3.8259999999999996,11,11,'2018-07-29 19:36:09','2018-07-29 19:36:09'),(2307,4.659,12,12,'2018-07-29 19:36:09','2018-07-29 19:36:09'),(2308,3.9199999999999995,7,7,'2018-07-29 19:36:10','2018-07-29 19:36:10'),(2309,4.337999999999999,10,10,'2018-07-29 19:36:10','2018-07-29 19:36:10'),(2310,1.513,4,4,'2018-07-29 19:36:10','2018-07-29 19:36:10'),(2311,3.8079999999999994,7,7,'2018-07-29 19:36:10','2018-07-29 19:36:10'),(2312,2.1820000000000004,9,9,'2018-07-29 19:36:10','2018-07-29 19:36:10'),(2313,4.598,12,12,'2018-07-29 19:36:11','2018-07-29 19:36:11'),(2314,3.579,6,6,'2018-07-29 19:36:11','2018-07-29 19:36:11'),(2315,4.273999999999999,10,10,'2018-07-29 19:36:11','2018-07-29 19:36:11'),(2316,3.7349999999999994,11,11,'2018-07-29 19:36:11','2018-07-29 19:36:11'),(2317,4.528,12,12,'2018-07-29 19:36:12','2018-07-29 19:36:12'),(2318,2.0339999999999994,1,1,'2018-07-29 19:36:12','2018-07-29 19:36:12'),(2319,3.5419999999999994,7,7,'2018-07-29 19:36:12','2018-07-29 19:36:12'),(2320,2.0610000000000004,9,9,'2018-07-29 19:36:13','2018-07-29 19:36:13'),(2321,4.073999999999999,10,10,'2018-07-29 19:36:13','2018-07-29 19:36:13'),(2322,3.4399999999999995,11,11,'2018-07-29 19:36:13','2018-07-29 19:36:13'),(2323,4.4559999999999995,12,12,'2018-07-29 19:36:13','2018-07-29 19:36:13'),(2324,1.9389999999999994,1,1,'2018-07-29 19:46:16','2018-07-29 19:46:16'),(2325,3.219,3,3,'2018-07-29 19:46:16','2018-07-29 19:46:16'),(2326,1.8500000000000003,9,9,'2018-07-29 19:46:16','2018-07-29 19:46:16'),(2327,4.385,12,12,'2018-07-29 19:46:16','2018-07-29 19:46:16'),(2328,3.881999999999999,10,10,'2018-07-29 19:46:17','2018-07-29 19:46:17'),(2329,3.719999999999999,10,10,'2018-07-29 20:47:21','2018-07-29 20:47:21'),(2330,3.2609999999999997,11,11,'2018-07-29 20:47:21','2018-07-29 20:47:21'),(2331,4.31,12,12,'2018-07-29 20:47:21','2018-07-29 20:47:21'),(2332,3.367,6,6,'2018-07-29 20:47:21','2018-07-29 20:47:21'),(2333,3.0649999999999995,11,11,'2018-07-29 20:49:51','2018-07-29 20:49:51'),(2334,3.299,6,6,'2018-07-29 20:49:51','2018-07-29 20:49:51'),(2335,4.239999999999999,12,12,'2018-07-29 20:49:51','2018-07-29 20:49:51'),(2336,1.8579999999999994,1,1,'2018-07-29 20:49:51','2018-07-29 20:49:51'),(2337,3.791,2,2,'2018-07-29 20:49:52','2018-07-29 20:49:52'),(2338,1.5680000000000003,9,9,'2018-07-29 20:49:52','2018-07-29 20:49:52'),(2339,3.522999999999999,10,10,'2018-07-29 20:49:52','2018-07-29 20:49:52'),(2340,2.9209999999999994,11,11,'2018-07-29 20:49:52','2018-07-29 20:49:52'),(2341,1.7989999999999995,1,1,'2018-07-29 20:49:52','2018-07-29 20:49:52'),(2342,2.965,3,3,'2018-07-29 20:49:52','2018-07-29 20:49:52'),(2343,1.7449999999999994,1,1,'2018-07-29 20:52:21','2018-07-29 20:52:21'),(2344,1.216,4,4,'2018-07-29 20:52:21','2018-07-29 20:52:21'),(2345,3.3699999999999988,10,10,'2018-07-29 20:52:21','2018-07-29 20:52:21'),(2346,4.188999999999999,12,12,'2018-07-29 20:52:21','2018-07-29 20:52:21'),(2347,3.1149999999999998,6,6,'2018-07-29 20:57:06','2018-07-29 20:57:06'),(2348,1.6889999999999994,1,1,'2018-07-29 20:57:06','2018-07-29 20:57:06'),(2349,2.899,3,3,'2018-07-29 20:57:07','2018-07-29 20:57:07'),(2350,1.151,4,4,'2018-07-29 20:57:07','2018-07-29 20:57:07'),(2351,1.4880000000000002,9,9,'2018-07-29 20:57:07','2018-07-29 20:57:07'),(2352,3.365999999999999,7,7,'2018-07-29 20:57:07','2018-07-29 20:57:07'),(2353,1.6109999999999993,1,1,'2018-07-29 20:57:08','2018-07-29 20:57:08'),(2354,2.8489999999999993,11,11,'2018-07-29 20:57:08','2018-07-29 20:57:08'),(2355,2.84,6,6,'2018-07-29 20:57:21','2018-07-29 20:57:21'),(2356,3.241999999999999,7,7,'2018-07-29 20:57:21','2018-07-29 20:57:21'),(2357,3.0129999999999995,8,8,'2018-07-29 20:57:22','2018-07-29 20:57:22'),(2358,3.1979999999999986,10,10,'2018-07-29 20:57:22','2018-07-29 20:57:22'),(2359,2.6709999999999994,11,11,'2018-07-29 20:57:22','2018-07-29 20:57:22'),(2360,2.544,6,6,'2018-07-29 20:57:23','2018-07-29 20:57:23'),(2361,3.001999999999999,7,7,'2018-07-29 20:57:26','2018-07-29 20:57:26'),(2362,2.9119999999999995,8,8,'2018-07-29 20:57:27','2018-07-29 20:57:27'),(2363,1.3060000000000003,9,9,'2018-07-29 20:57:27','2018-07-29 20:57:27'),(2364,2.5119999999999996,11,11,'2018-07-29 20:57:27','2018-07-29 20:57:27'),(2365,3.9579999999999997,5,5,'2018-07-29 20:57:27','2018-07-29 20:57:27'),(2366,2.37,6,6,'2018-07-29 20:57:28','2018-07-29 20:57:28'),(2367,2.804999999999999,7,7,'2018-07-29 20:57:28','2018-07-29 20:57:28'),(2368,1.1940000000000002,9,9,'2018-07-29 20:57:28','2018-07-29 20:57:28'),(2369,3.1009999999999986,10,10,'2018-07-29 20:57:29','2018-07-29 20:57:29');
/*!40000 ALTER TABLE `containers_status` ENABLE KEYS */;
UNLOCK TABLES;

--
-- Table structure for table `dishes`
--

DROP TABLE IF EXISTS `dishes`;
/*!40101 SET @saved_cs_client     = @@character_set_client */;
/*!40101 SET character_set_client = utf8 */;
CREATE TABLE `dishes` (
  `id` int(10) unsigned NOT NULL AUTO_INCREMENT,
  `name` varchar(45) NOT NULL,
  `category_id` int(11) NOT NULL,
  `created_at` timestamp NULL DEFAULT NULL,
  `updated_at` timestamp NULL DEFAULT NULL,
  PRIMARY KEY (`id`)
) ENGINE=InnoDB AUTO_INCREMENT=13 DEFAULT CHARSET=utf8mb4;
/*!40101 SET character_set_client = @saved_cs_client */;

--
-- Dumping data for table `dishes`
--

LOCK TABLES `dishes` WRITE;
/*!40000 ALTER TABLE `dishes` DISABLE KEYS */;
INSERT INTO `dishes` VALUES (1,'Arroz',1,'2018-07-28 04:35:15','2018-07-28 04:35:15'),(2,'Pollo',2,'2018-07-28 04:35:15','2018-07-28 04:35:15'),(3,'Camarones Enchilados',3,'2018-07-28 04:35:15','2018-07-28 04:35:15'),(4,'Caldo de res',4,'2018-07-28 04:35:15','2018-07-28 04:35:15'),(5,'Caldo de Pollo',5,'2018-07-28 04:35:15','2018-07-28 04:35:15'),(6,'Calamar enchilado',6,'2018-07-28 04:35:16','2018-07-28 04:35:16'),(7,'Res con Brocoli',7,'2018-07-28 04:35:16','2018-07-28 04:35:16'),(8,'Caldo de aleta de calamar',8,'2018-07-28 04:35:16','2018-07-28 04:35:16'),(9,'Pollo con piña',9,'2018-07-28 04:35:16','2018-07-28 04:35:16'),(10,'Chop Suey',10,'2018-07-28 04:35:16','2018-07-28 04:35:16'),(11,'Camaron empanizado',11,'2018-07-28 04:35:16','2018-07-28 04:35:16'),(12,'Chun kun',12,'2018-07-28 04:35:16','2018-07-28 04:35:16');
/*!40000 ALTER TABLE `dishes` ENABLE KEYS */;
UNLOCK TABLES;

--
-- Table structure for table `ingredients`
--

DROP TABLE IF EXISTS `ingredients`;
/*!40101 SET @saved_cs_client     = @@character_set_client */;
/*!40101 SET character_set_client = utf8 */;
CREATE TABLE `ingredients` (
  `id` int(10) unsigned NOT NULL AUTO_INCREMENT,
  `name` varchar(191) NOT NULL,
  `created_at` timestamp NULL DEFAULT NULL,
  `updated_at` timestamp NULL DEFAULT NULL,
  PRIMARY KEY (`id`)
) ENGINE=InnoDB DEFAULT CHARSET=utf8mb4;
/*!40101 SET character_set_client = @saved_cs_client */;

--
-- Dumping data for table `ingredients`
--

LOCK TABLES `ingredients` WRITE;
/*!40000 ALTER TABLE `ingredients` DISABLE KEYS */;
/*!40000 ALTER TABLE `ingredients` ENABLE KEYS */;
UNLOCK TABLES;

--
-- Table structure for table `islands`
--

DROP TABLE IF EXISTS `islands`;
/*!40101 SET @saved_cs_client     = @@character_set_client */;
/*!40101 SET character_set_client = utf8 */;
CREATE TABLE `islands` (
  `id` int(10) unsigned NOT NULL AUTO_INCREMENT,
  `name` varchar(191) NOT NULL,
  `capacity` int(10) unsigned NOT NULL,
  `created_at` timestamp NULL DEFAULT NULL,
  `updated_at` timestamp NULL DEFAULT NULL,
  PRIMARY KEY (`id`)
) ENGINE=InnoDB AUTO_INCREMENT=4 DEFAULT CHARSET=utf8mb4;
/*!40101 SET character_set_client = @saved_cs_client */;

--
-- Dumping data for table `islands`
--

LOCK TABLES `islands` WRITE;
/*!40000 ALTER TABLE `islands` DISABLE KEYS */;
INSERT INTO `islands` VALUES (1,'Isla #1',4,'2018-07-28 04:45:19','2018-07-28 04:45:19'),(2,'Isla #2',4,'2018-07-28 04:45:19','2018-07-28 04:45:19'),(3,'Isla #3',4,'2018-07-28 04:45:19','2018-07-28 04:45:19');
/*!40000 ALTER TABLE `islands` ENABLE KEYS */;
UNLOCK TABLES;

--
-- Table structure for table `migrations`
--

DROP TABLE IF EXISTS `migrations`;
/*!40101 SET @saved_cs_client     = @@character_set_client */;
/*!40101 SET character_set_client = utf8 */;
CREATE TABLE `migrations` (
  `id` int(10) unsigned NOT NULL AUTO_INCREMENT,
  `migration` varchar(191) NOT NULL,
  `batch` int(11) NOT NULL,
  PRIMARY KEY (`id`)
) ENGINE=InnoDB AUTO_INCREMENT=10 DEFAULT CHARSET=utf8mb4;
/*!40101 SET character_set_client = @saved_cs_client */;

--
-- Dumping data for table `migrations`
--

LOCK TABLES `migrations` WRITE;
/*!40000 ALTER TABLE `migrations` DISABLE KEYS */;
INSERT INTO `migrations` VALUES (1,'2014_10_12_000000_create_users_table',1),(2,'2014_10_12_100000_create_password_resets_table',1),(3,'2018_04_08_072546_create_dishes_table',1),(4,'2018_04_08_073430_create_islands_table',1),(5,'2018_04_08_073730_create_ingredients_table',1),(6,'2018_04_08_074126_create_containers_table',1),(7,'2018_04_08_082605_create_containers_status_table',1),(8,'2018_04_08_083437_create_recipes_table',1),(9,'2018_07_19_080256_create_categories_dishes_table',1);
/*!40000 ALTER TABLE `migrations` ENABLE KEYS */;
UNLOCK TABLES;

--
-- Table structure for table `password_resets`
--

DROP TABLE IF EXISTS `password_resets`;
/*!40101 SET @saved_cs_client     = @@character_set_client */;
/*!40101 SET character_set_client = utf8 */;
CREATE TABLE `password_resets` (
  `email` varchar(100) NOT NULL,
  `token` varchar(191) NOT NULL,
  `created_at` timestamp NULL DEFAULT NULL,
  KEY `password_resets_email_index` (`email`)
) ENGINE=InnoDB DEFAULT CHARSET=utf8mb4;
/*!40101 SET character_set_client = @saved_cs_client */;

--
-- Dumping data for table `password_resets`
--

LOCK TABLES `password_resets` WRITE;
/*!40000 ALTER TABLE `password_resets` DISABLE KEYS */;
/*!40000 ALTER TABLE `password_resets` ENABLE KEYS */;
UNLOCK TABLES;

--
-- Table structure for table `recipes`
--

DROP TABLE IF EXISTS `recipes`;
/*!40101 SET @saved_cs_client     = @@character_set_client */;
/*!40101 SET character_set_client = utf8 */;
CREATE TABLE `recipes` (
  `id` int(10) unsigned NOT NULL AUTO_INCREMENT,
  `ingredient_quantity` double NOT NULL,
  `dish_id` int(10) unsigned NOT NULL,
  `ingredient_id` int(10) unsigned NOT NULL,
  `created_at` timestamp NULL DEFAULT NULL,
  `updated_at` timestamp NULL DEFAULT NULL,
  PRIMARY KEY (`id`),
  KEY `recipes_dish_id_foreign` (`dish_id`),
  KEY `recipes_ingredient_id_foreign` (`ingredient_id`),
  CONSTRAINT `recipes_dish_id_foreign` FOREIGN KEY (`dish_id`) REFERENCES `dishes` (`id`),
  CONSTRAINT `recipes_ingredient_id_foreign` FOREIGN KEY (`ingredient_id`) REFERENCES `ingredients` (`id`)
) ENGINE=InnoDB DEFAULT CHARSET=utf8mb4;
/*!40101 SET character_set_client = @saved_cs_client */;

--
-- Dumping data for table `recipes`
--

LOCK TABLES `recipes` WRITE;
/*!40000 ALTER TABLE `recipes` DISABLE KEYS */;
/*!40000 ALTER TABLE `recipes` ENABLE KEYS */;
UNLOCK TABLES;

--
-- Table structure for table `users`
--

DROP TABLE IF EXISTS `users`;
/*!40101 SET @saved_cs_client     = @@character_set_client */;
/*!40101 SET character_set_client = utf8 */;
CREATE TABLE `users` (
  `id` int(10) unsigned NOT NULL AUTO_INCREMENT,
  `name` varchar(100) NOT NULL,
  `email` varchar(100) NOT NULL,
  `password` varchar(100) NOT NULL,
  `remember_token` varchar(100) DEFAULT NULL,
  `created_at` timestamp NULL DEFAULT NULL,
  `updated_at` timestamp NULL DEFAULT NULL,
  PRIMARY KEY (`id`),
  UNIQUE KEY `users_email_unique` (`email`)
) ENGINE=InnoDB DEFAULT CHARSET=utf8mb4;
/*!40101 SET character_set_client = @saved_cs_client */;

--
-- Dumping data for table `users`
--

LOCK TABLES `users` WRITE;
/*!40000 ALTER TABLE `users` DISABLE KEYS */;
/*!40000 ALTER TABLE `users` ENABLE KEYS */;
UNLOCK TABLES;

--
-- Dumping events for database 'ecaptain'
--

--
-- Dumping routines for database 'ecaptain'
--
/*!50003 DROP PROCEDURE IF EXISTS `SP_CONSUME_CONTAINER` */;
/*!50003 SET @saved_cs_client      = @@character_set_client */ ;
/*!50003 SET @saved_cs_results     = @@character_set_results */ ;
/*!50003 SET @saved_col_connection = @@collation_connection */ ;
/*!50003 SET character_set_client  = utf8 */ ;
/*!50003 SET character_set_results = utf8 */ ;
/*!50003 SET collation_connection  = utf8_general_ci */ ;
/*!50003 SET @saved_sql_mode       = @@sql_mode */ ;
/*!50003 SET sql_mode              = 'NO_AUTO_CREATE_USER,NO_ENGINE_SUBSTITUTION' */ ;
DELIMITER ;;
CREATE DEFINER=`root`@`localhost` PROCEDURE `SP_CONSUME_CONTAINER`(containerId int, consume double)
BEGIN
	DECLARE maxConsume double;
    DECLARE actualWeight double;
    DECLARE dishId int;
	
	SELECT 
		capacity
	INTO maxConsume FROM
		containers
	WHERE
		id = containerId;
		
	SELECT 
		actual_weight
	INTO actualWeight FROM
		containers_status
	WHERE
		container_id = containerId
	ORDER BY updated_at DESC
	LIMIT 1;
    
	SELECT 
		dish_id
	INTO dishId FROM
		containers_status
	WHERE
		container_id = containerId
	LIMIT 1;
    
    IF(consume > maxConsume)
    THEN
		-- RETURN BECAUSE ITS MORE THAN THE MAXCONSUME
		SELECT 2 as 'STATUS','Error, because its more than the max consume enabled.' as 'MESSAGE';
    ELSE
        IF(consume > actualWeight)
        THEN
			-- RETURNS 3 IF IS MORE THAN THE ACTUAL WEIGHT
            SELECT 3 as 'STATUS','Error, because its more than the actual weight.' as 'MESSAGE';
        ELSE
			INSERT INTO containers_status
			VALUES(0,(actualWeight - consume),containerId,dishId,NOW(),NOW());
            -- RETURNS 0 IF THE OPERATION IS SUCCESFULLY
            SELECT 0 as 'STATUS','SUCCESS.' as 'MESSAGE';
        END IF;
    END IF;
END ;;
DELIMITER ;
/*!50003 SET sql_mode              = @saved_sql_mode */ ;
/*!50003 SET character_set_client  = @saved_cs_client */ ;
/*!50003 SET character_set_results = @saved_cs_results */ ;
/*!50003 SET collation_connection  = @saved_col_connection */ ;
/*!50003 DROP PROCEDURE IF EXISTS `SP_REFILL_CONTAINER` */;
/*!50003 SET @saved_cs_client      = @@character_set_client */ ;
/*!50003 SET @saved_cs_results     = @@character_set_results */ ;
/*!50003 SET @saved_col_connection = @@collation_connection */ ;
/*!50003 SET character_set_client  = utf8 */ ;
/*!50003 SET character_set_results = utf8 */ ;
/*!50003 SET collation_connection  = utf8_general_ci */ ;
/*!50003 SET @saved_sql_mode       = @@sql_mode */ ;
/*!50003 SET sql_mode              = 'NO_AUTO_CREATE_USER,NO_ENGINE_SUBSTITUTION' */ ;
DELIMITER ;;
CREATE DEFINER=`root`@`localhost` PROCEDURE `SP_REFILL_CONTAINER`(containerId int)
BEGIN

	DECLARE maxConsume double;
    DECLARE dishId int;
    
	SELECT 
		capacity
	INTO maxConsume FROM
		containers
	WHERE
		id = containerId;
    
	SELECT 
		dish_id
	INTO dishId FROM
		containers_status
	WHERE
		container_id = containerId
	LIMIT 1;
		
	INSERT INTO containers_status
    VALUES(0,maxConsume,containerId,dishId,NOW(),NOW());
    
    SELECT 0 as 'STATUS','SUCCESS'as 'MESSAGE';
END ;;
DELIMITER ;
/*!50003 SET sql_mode              = @saved_sql_mode */ ;
/*!50003 SET character_set_client  = @saved_cs_client */ ;
/*!50003 SET character_set_results = @saved_cs_results */ ;
/*!50003 SET collation_connection  = @saved_col_connection */ ;
/*!40103 SET TIME_ZONE=@OLD_TIME_ZONE */;

/*!40101 SET SQL_MODE=@OLD_SQL_MODE */;
/*!40014 SET FOREIGN_KEY_CHECKS=@OLD_FOREIGN_KEY_CHECKS */;
/*!40014 SET UNIQUE_CHECKS=@OLD_UNIQUE_CHECKS */;
/*!40101 SET CHARACTER_SET_CLIENT=@OLD_CHARACTER_SET_CLIENT */;
/*!40101 SET CHARACTER_SET_RESULTS=@OLD_CHARACTER_SET_RESULTS */;
/*!40101 SET COLLATION_CONNECTION=@OLD_COLLATION_CONNECTION */;
/*!40111 SET SQL_NOTES=@OLD_SQL_NOTES */;

-- Dump completed on 2018-07-29 13:58:50
